observation_date,ICSA
1/7/67,208000
1/14/67,207000
1/21/67,217000
1/28/67,204000
2/4/67,216000
2/11/67,229000
2/18/67,229000
2/25/67,242000
3/4/67,310000
3/11/67,241000
3/18/67,245000
3/25/67,247000
4/1/67,259000
4/8/67,257000
4/15/67,299000
4/22/67,245000
4/29/67,255000
5/6/67,254000
5/13/67,231000
5/20/67,230000
5/27/67,228000
6/3/67,248000
6/10/67,238000
6/17/67,224000
6/24/67,218000
7/1/67,209000
7/8/67,240000
7/15/67,241000
7/22/67,240000
7/29/67,209000
8/5/67,221000
8/12/67,202000
8/19/67,215000
8/26/67,213000
9/2/67,218000
9/9/67,231000
9/16/67,220000
9/23/67,209000
9/30/67,204000
10/7/67,231000
10/14/67,206000
10/21/67,223000
10/28/67,207000
11/4/67,222000
11/11/67,214000
11/18/67,198000
11/25/67,191000
12/2/67,196000
12/9/67,221000
12/16/67,204000
12/23/67,219000
12/30/67,216000
1/6/68,222000
1/13/68,222000
1/20/68,221000
1/27/68,198000
2/3/68,244000
2/10/68,210000
2/17/68,196000
2/24/68,193000
3/2/68,190000
3/9/68,204000
3/16/68,190000
3/23/68,200000
3/30/68,192000
4/6/68,191000
4/13/68,171000
4/20/68,183000
4/27/68,251000
5/4/68,209000
5/11/68,194000
5/18/68,199000
5/25/68,194000
6/1/68,199000
6/8/68,192000
6/15/68,194000
6/22/68,189000
6/29/68,194000
7/6/68,214000
7/13/68,186000
7/20/68,180000
7/27/68,205000
8/3/68,206000
8/10/68,218000
8/17/68,192000
8/24/68,193000
8/31/68,188000
9/7/68,189000
9/14/68,195000
9/21/68,191000
9/28/68,189000
10/5/68,185000
10/12/68,186000
10/19/68,191000
10/26/68,182000
11/2/68,181000
11/9/68,183000
11/16/68,192000
11/23/68,199000
11/30/68,162000
12/7/68,188000
12/14/68,195000
12/21/68,192000
12/28/68,223000
1/4/69,190000
1/11/69,191000
1/18/69,192000
1/25/69,193000
2/1/69,203000
2/8/69,197000
2/15/69,192000
2/22/69,192000
3/1/69,201000
3/8/69,191000
3/15/69,189000
3/22/69,181000
3/29/69,183000
4/5/69,182000
4/12/69,190000
4/19/69,187000
4/26/69,177000
5/3/69,177000
5/10/69,183000
5/17/69,179000
5/24/69,180000
5/31/69,187000
6/7/69,192000
6/14/69,182000
6/21/69,191000
6/28/69,203000
7/5/69,227000
7/12/69,210000
7/19/69,206000
7/26/69,192000
8/2/69,196000
8/9/69,203000
8/16/69,199000
8/23/69,199000
8/30/69,195000
9/6/69,182000
9/13/69,209000
9/20/69,195000
9/27/69,193000
10/4/69,193000
10/11/69,200000
10/18/69,199000
10/25/69,205000
11/1/69,198000
11/8/69,211000
11/15/69,197000
11/22/69,217000
11/29/69,202000
12/6/69,202000
12/13/69,222000
12/20/69,232000
12/27/69,223000
1/3/70,230000
1/10/70,242000
1/17/70,268000
1/24/70,256000
1/31/70,239000
2/7/70,256000
2/14/70,265000
2/21/70,271000
2/28/70,242000
3/7/70,262000
3/14/70,271000
3/21/70,264000
3/28/70,276000
4/4/70,273000
4/11/70,305000
4/18/70,374000
4/25/70,349000
5/2/70,334000
5/9/70,318000
5/16/70,303000
5/23/70,296000
5/30/70,301000
6/6/70,301000
6/13/70,298000
6/20/70,296000
6/27/70,291000
7/4/70,277000
7/11/70,288000
7/18/70,294000
7/25/70,287000
8/1/70,261000
8/8/70,266000
8/15/70,300000
8/22/70,303000
8/29/70,297000
9/5/70,324000
9/12/70,292000
9/19/70,325000
9/26/70,333000
10/3/70,350000
10/10/70,327000
10/17/70,334000
10/24/70,330000
10/31/70,327000
11/7/70,336000
11/14/70,314000
11/21/70,314000
11/28/70,337000
12/5/70,308000
12/12/70,306000
12/19/70,289000
12/26/70,321000
1/2/71,303000
1/9/71,288000
1/16/71,299000
1/23/71,312000
1/30/71,292000
2/6/71,296000
2/13/71,282000
2/20/71,268000
2/27/71,290000
3/6/71,297000
3/13/71,287000
3/20/71,291000
3/27/71,300000
4/3/71,299000
4/10/71,279000
4/17/71,284000
4/24/71,288000
5/1/71,290000
5/8/71,293000
5/15/71,284000
5/22/71,295000
5/29/71,299000
6/5/71,301000
6/12/71,295000
6/19/71,299000
6/26/71,291000
7/3/71,277000
7/10/71,264000
7/17/71,313000
7/24/71,304000
7/31/71,308000
8/7/71,349000
8/14/71,325000
8/21/71,320000
8/28/71,307000
9/4/71,359000
9/11/71,312000
9/18/71,302000
9/25/71,308000
10/2/71,299000
10/9/71,313000
10/16/71,299000
10/23/71,294000
10/30/71,283000
11/6/71,301000
11/13/71,295000
11/20/71,274000
11/27/71,278000
12/4/71,299000
12/11/71,280000
12/18/71,269000
12/25/71,244000
1/1/72,279000
1/8/72,295000
1/15/72,250000
1/22/72,263000
1/29/72,269000
2/5/72,276000
2/12/72,266000
2/19/72,258000
2/26/72,254000
3/4/72,257000
3/11/72,264000
3/18/72,266000
3/25/72,264000
4/1/72,258000
4/8/72,274000
4/15/72,259000
4/22/72,259000
4/29/72,265000
5/6/72,271000
5/13/72,266000
5/20/72,267000
5/27/72,267000
6/3/72,264000
6/10/72,268000
6/17/72,275000
6/24/72,286000
7/1/72,350000
7/8/72,297000
7/15/72,318000
7/22/72,276000
7/29/72,247000
8/5/72,250000
8/12/72,246000
8/19/72,256000
8/26/72,262000
9/2/72,258000
9/9/72,259000
9/16/72,258000
9/23/72,255000
9/30/72,251000
10/7/72,263000
10/14/72,250000
10/21/72,257000
10/28/72,234000
11/4/72,255000
11/11/72,242000
11/18/72,271000
11/25/72,235000
12/2/72,226000
12/9/72,252000
12/16/72,263000
12/23/72,246000
12/30/72,225000
1/6/73,226000
1/13/73,245000
1/20/73,229000
1/27/73,214000
2/3/73,228000
2/10/73,226000
2/17/73,216000
2/24/73,218000
3/3/73,225000
3/10/73,229000
3/17/73,228000
3/24/73,232000
3/31/73,222000
4/7/73,247000
4/14/73,230000
4/21/73,243000
4/28/73,236000
5/5/73,248000
5/12/73,238000
5/19/73,237000
5/26/73,238000
6/2/73,232000
6/9/73,246000
6/16/73,237000
6/23/73,242000
6/30/73,237000
7/7/73,248000
7/14/73,232000
7/21/73,241000
7/28/73,250000
8/4/73,256000
8/11/73,265000
8/18/73,258000
8/25/73,254000
9/1/73,242000
9/8/73,252000
9/15/73,245000
9/22/73,246000
9/29/73,249000
10/6/73,236000
10/13/73,246000
10/20/73,249000
10/27/73,235000
11/3/73,246000
11/10/73,282000
11/17/73,254000
11/24/73,233000
12/1/73,256000
12/8/73,266000
12/15/73,272000
12/22/73,326000
12/29/73,300000
1/5/74,269000
1/12/74,340000
1/19/74,321000
1/26/74,291000
2/2/74,302000
2/9/74,369000
2/16/74,311000
2/23/74,292000
3/2/74,301000
3/9/74,305000
3/16/74,315000
3/23/74,314000
3/30/74,323000
4/6/74,296000
4/13/74,297000
4/20/74,296000
4/27/74,283000
5/4/74,287000
5/11/74,296000
5/18/74,298000
5/25/74,309000
6/1/74,278000
6/8/74,314000
6/15/74,303000
6/22/74,308000
6/29/74,325000
7/6/74,311000
7/13/74,304000
7/20/74,303000
7/27/74,320000
8/3/74,335000
8/10/74,347000
8/17/74,332000
8/24/74,343000
8/31/74,350000
9/7/74,350000
9/14/74,357000
9/21/74,370000
9/28/74,366000
10/5/74,371000
10/12/74,413000
10/19/74,389000
10/26/74,414000
11/2/74,406000
11/9/74,441000
11/16/74,449000
11/23/74,518000
11/30/74,474000
12/7/74,528000
12/14/74,510000
12/21/74,521000
12/28/74,537000
1/4/75,456000
1/11/75,554000
1/18/75,575000
1/25/75,555000
2/1/75,559000
2/8/75,545000
2/15/75,530000
2/22/75,544000
3/1/75,546000
3/8/75,551000
3/15/75,531000
3/22/75,550000
3/29/75,555000
4/5/75,537000
4/12/75,520000
4/19/75,531000
4/26/75,513000
5/3/75,505000
5/10/75,507000
5/17/75,514000
5/24/75,493000
5/31/75,475000
6/7/75,529000
6/14/75,497000
6/21/75,497000
6/28/75,459000
7/5/75,423000
7/12/75,446000
7/19/75,445000
7/26/75,454000
8/2/75,454000
8/9/75,459000
8/16/75,444000
8/23/75,457000
8/30/75,446000
9/6/75,447000
9/13/75,456000
9/20/75,433000
9/27/75,445000
10/4/75,426000
10/11/75,429000
10/18/75,404000
10/25/75,426000
11/1/75,414000
11/8/75,415000
11/15/75,386000
11/22/75,401000
11/29/75,387000
12/6/75,373000
12/13/75,368000
12/20/75,365000
12/27/75,391000
1/3/76,362000
1/10/76,402000
1/17/76,370000
1/24/76,363000
1/31/76,359000
2/7/76,353000
2/14/76,344000
2/21/76,347000
2/28/76,349000
3/6/76,348000
3/13/76,360000
3/20/76,368000
3/27/76,366000
4/3/76,380000
4/10/76,373000
4/17/76,361000
4/24/76,367000
5/1/76,385000
5/8/76,395000
5/15/76,382000
5/22/76,394000
5/29/76,402000
6/5/76,382000
6/12/76,407000
6/19/76,399000
6/26/76,387000
7/3/76,394000
7/10/76,372000
7/17/76,406000
7/24/76,394000
7/31/76,388000
8/7/76,378000
8/14/76,382000
8/21/76,400000
8/28/76,394000
9/4/76,421000
9/11/76,383000
9/18/76,403000
9/25/76,423000
10/2/76,408000
10/9/76,411000
10/16/76,403000
10/23/76,409000
10/30/76,414000
11/6/76,390000
11/13/76,383000
11/20/76,408000
11/27/76,377000
12/4/76,402000
12/11/76,395000
12/18/76,365000
12/25/76,333000
1/1/77,380000
1/8/77,416000
1/15/77,368000
1/22/77,423000
1/29/77,422000
2/5/77,565000
2/12/77,477000
2/19/77,399000
2/26/77,362000
3/5/77,361000
3/12/77,355000
3/19/77,369000
3/26/77,356000
4/2/77,350000
4/9/77,376000
4/16/77,361000
4/23/77,375000
4/30/77,375000
5/7/77,384000
5/14/77,381000
5/21/77,375000
5/28/77,381000
6/4/77,363000
6/11/77,358000
6/18/77,359000
6/25/77,365000
7/2/77,350000
7/9/77,361000
7/16/77,366000
7/23/77,365000
7/30/77,365000
8/6/77,378000
8/13/77,359000
8/20/77,367000
8/27/77,365000
9/3/77,374000
9/10/77,359000
9/17/77,362000
9/24/77,380000
10/1/77,348000
10/8/77,365000
10/15/77,358000
10/22/77,375000
10/29/77,349000
11/5/77,366000
11/12/77,334000
11/19/77,360000
11/26/77,354000
12/3/77,367000
12/10/77,364000
12/17/77,359000
12/24/77,344000
12/31/77,364000
1/7/78,346000
1/14/78,343000
1/21/78,352000
1/28/78,363000
2/4/78,360000
2/11/78,373000
2/18/78,429000
2/25/78,371000
3/4/78,355000
3/11/78,359000
3/18/78,347000
3/25/78,335000
4/1/78,333000
4/8/78,345000
4/15/78,309000
4/22/78,319000
4/29/78,324000
5/6/78,334000
5/13/78,322000
5/20/78,334000
5/27/78,318000
6/3/78,310000
6/10/78,331000
6/17/78,326000
6/24/78,330000
7/1/78,348000
7/8/78,356000
7/15/78,352000
7/22/78,349000
7/29/78,346000
8/5/78,365000
8/12/78,354000
8/19/78,343000
8/26/78,333000
9/2/78,313000
9/9/78,337000
9/16/78,322000
9/23/78,323000
9/30/78,318000
10/7/78,343000
10/14/78,316000
10/21/78,338000
10/28/78,316000
11/4/78,317000
11/11/78,304000
11/18/78,342000
11/25/78,359000
12/2/78,377000
12/9/78,344000
12/16/78,347000
12/23/78,352000
12/30/78,358000
1/6/79,359000
1/13/79,392000
1/20/79,337000
1/27/79,342000
2/3/79,348000
2/10/79,359000
2/17/79,367000
2/24/79,360000
3/3/79,355000
3/10/79,363000
3/17/79,359000
3/24/79,353000
3/31/79,360000
4/7/79,465000
4/14/79,457000
4/21/79,383000
4/28/79,357000
5/5/79,353000
5/12/79,344000
5/19/79,346000
5/26/79,349000
6/2/79,336000
6/9/79,365000
6/16/79,351000
6/23/79,379000
6/30/79,369000
7/7/79,368000
7/14/79,368000
7/21/79,395000
7/28/79,386000
8/4/79,412000
8/11/79,386000
8/18/79,387000
8/25/79,390000
9/1/79,389000
9/8/79,378000
9/15/79,384000
9/22/79,388000
9/29/79,390000
10/6/79,412000
10/13/79,393000
10/20/79,406000
10/27/79,398000
11/3/79,395000
11/10/79,414000
11/17/79,430000
11/24/79,414000
12/1/79,416000
12/8/79,415000
12/15/79,411000
12/22/79,471000
12/29/79,428000
1/5/80,394000
1/12/80,405000
1/19/80,446000
1/26/80,412000
2/2/80,404000
2/9/80,425000
2/16/80,415000
2/23/80,428000
3/1/80,409000
3/8/80,418000
3/15/80,432000
3/22/80,435000
3/29/80,475000
4/5/80,464000
4/12/80,544000
4/19/80,548000
4/26/80,563000
5/3/80,572000
5/10/80,601000
5/17/80,642000
5/24/80,627000
5/31/80,637000
6/7/80,610000
6/14/80,592000
6/21/80,599000
6/28/80,627000
7/5/80,579000
7/12/80,533000
7/19/80,567000
7/26/80,558000
8/2/80,569000
8/9/80,533000
8/16/80,525000
8/23/80,512000
8/30/80,502000
9/6/80,511000
9/13/80,492000
9/20/80,465000
9/27/80,463000
10/4/80,462000
10/11/80,447000
10/18/80,425000
10/25/80,418000
11/1/80,419000
11/8/80,407000
11/15/80,427000
11/22/80,398000
11/29/80,412000
12/6/80,416000
12/13/80,413000
12/20/80,412000
12/27/80,399000
1/3/81,410000
1/10/81,419000
1/17/81,421000
1/24/81,396000
1/31/81,419000
2/7/81,420000
2/14/81,423000
2/21/81,438000
2/28/81,434000
3/7/81,409000
3/14/81,408000
3/21/81,401000
3/28/81,412000
4/4/81,417000
4/11/81,396000
4/18/81,392000
4/25/81,436000
5/2/81,413000
5/9/81,423000
5/16/81,414000
5/23/81,415000
5/30/81,417000
6/6/81,428000
6/13/81,425000
6/20/81,435000
6/27/81,444000
7/4/81,460000
7/11/81,426000
7/18/81,430000
7/25/81,407000
8/1/81,476000
8/8/81,448000
8/15/81,442000
8/22/81,434000
8/29/81,451000
9/5/81,473000
9/12/81,454000
9/19/81,475000
9/26/81,491000
10/3/81,489000
10/10/81,491000
10/17/81,487000
10/24/81,483000
10/31/81,514000
11/7/81,514000
11/14/81,517000
11/21/81,464000
11/28/81,552000
12/5/81,558000
12/12/81,551000
12/19/81,539000
12/26/81,556000
1/2/82,495000
1/9/82,545000
1/16/82,489000
1/23/82,564000
1/30/82,583000
2/6/82,556000
2/13/82,507000
2/20/82,544000
2/27/82,528000
3/6/82,556000
3/13/82,539000
3/20/82,557000
3/27/82,574000
4/3/82,578000
4/10/82,585000
4/17/82,597000
4/24/82,588000
5/1/82,576000
5/8/82,584000
5/15/82,585000
5/22/82,586000
5/29/82,588000
6/5/82,611000
6/12/82,614000
6/19/82,591000
6/26/82,582000
7/3/82,600000
7/10/82,572000
7/17/82,567000
7/24/82,536000
7/31/82,605000
8/7/82,606000
8/14/82,637000
8/21/82,628000
8/28/82,647000
9/4/82,651000
9/11/82,641000
9/18/82,680000
9/25/82,671000
10/2/82,695000
10/9/82,651000
10/16/82,656000
10/23/82,623000
10/30/82,637000
11/6/82,589000
11/13/82,599000
11/20/82,577000
11/27/82,612000
12/4/82,557000
12/11/82,533000
12/18/82,516000
12/25/82,489000
1/1/83,534000
1/8/83,510000
1/15/83,479000
1/22/83,479000
1/29/83,503000
2/5/83,501000
2/12/83,486000
2/19/83,487000
2/26/83,481000
3/5/83,495000
3/12/83,475000
3/19/83,470000
3/26/83,481000
4/2/83,491000
4/9/83,496000
4/16/83,515000
4/23/83,488000
4/30/83,490000
5/7/83,494000
5/14/83,464000
5/21/83,460000
5/28/83,454000
6/4/83,459000
6/11/83,442000
6/18/83,434000
6/25/83,442000
7/2/83,422000
7/9/83,412000
7/16/83,396000
7/23/83,395000
7/30/83,415000
8/6/83,415000
8/13/83,457000
8/20/83,445000
8/27/83,426000
9/3/83,411000
9/10/83,403000
9/17/83,405000
9/24/83,416000
10/1/83,413000
10/8/83,406000
10/15/83,394000
10/22/83,394000
10/29/83,404000
11/5/83,395000
11/12/83,390000
11/19/83,387000
11/26/83,398000
12/3/83,365000
12/10/83,368000
12/17/83,362000
12/24/83,377000
12/31/83,372000
1/7/84,356000
1/14/84,351000
1/21/84,333000
1/28/84,364000
2/4/84,342000
2/11/84,338000
2/18/84,334000
2/25/84,343000
3/3/84,347000
3/10/84,346000
3/17/84,349000
3/24/84,346000
3/31/84,341000
4/7/84,381000
4/14/84,357000
4/21/84,364000
4/28/84,375000
5/5/84,365000
5/12/84,368000
5/19/84,354000
5/26/84,354000
6/2/84,355000
6/9/84,369000
6/16/84,361000
6/23/84,362000
6/30/84,360000
7/7/84,366000
7/14/84,360000
7/21/84,357000
7/28/84,359000
8/4/84,382000
8/11/84,380000
8/18/84,401000
8/25/84,395000
9/1/84,385000
9/8/84,402000
9/15/84,393000
9/22/84,395000
9/29/84,402000
10/6/84,403000
10/13/84,410000
10/20/84,439000
10/27/84,425000
11/3/84,423000
11/10/84,393000
11/17/84,383000
11/24/84,429000
12/1/84,401000
12/8/84,383000
12/15/84,386000
12/22/84,379000
12/29/84,379000
1/5/85,369000
1/12/85,387000
1/19/85,359000
1/26/85,368000
2/2/85,386000
2/9/85,401000
2/16/85,390000
2/23/85,390000
3/2/85,374000
3/9/85,385000
3/16/85,386000
3/23/85,373000
3/30/85,386000
4/6/85,405000
4/13/85,411000
4/20/85,391000
4/27/85,386000
5/4/85,390000
5/11/85,394000
5/18/85,391000
5/25/85,396000
6/1/85,393000
6/8/85,403000
6/15/85,390000
6/22/85,386000
6/29/85,390000
7/6/85,395000
7/13/85,386000
7/20/85,370000
7/27/85,362000
8/3/85,407000
8/10/85,402000
8/17/85,399000
8/24/85,405000
8/31/85,409000
9/7/85,426000
9/14/85,408000
9/21/85,401000
9/28/85,399000
10/5/85,405000
10/12/85,400000
10/19/85,400000
10/26/85,418000
11/2/85,398000
11/9/85,397000
11/16/85,397000
11/23/85,382000
11/30/85,393000
12/7/85,399000
12/14/85,382000
12/21/85,370000
12/28/85,390000
1/4/86,362000
1/11/86,397000
1/18/86,364000
1/25/86,344000
2/1/86,364000
2/8/86,366000
2/15/86,358000
2/22/86,390000
3/1/86,375000
3/8/86,366000
3/15/86,382000
3/22/86,387000
3/29/86,396000
4/5/86,381000
4/12/86,388000
4/19/86,383000
4/26/86,391000
5/3/86,392000
5/10/86,395000
5/17/86,384000
5/24/86,386000
5/31/86,373000
6/7/86,375000
6/14/86,369000
6/21/86,367000
6/28/86,371000
7/5/86,371000
7/12/86,361000
7/19/86,354000
7/26/86,362000
8/2/86,416000
8/9/86,416000
8/16/86,407000
8/23/86,397000
8/30/86,401000
9/6/86,400000
9/13/86,394000
9/20/86,399000
9/27/86,389000
10/4/86,391000
10/11/86,387000
10/18/86,385000
10/25/86,370000
11/1/86,364000
11/8/86,349000
11/15/86,368000
11/22/86,369000
11/29/86,366000
12/6/86,363000
12/13/86,375000
12/20/86,350000
12/27/86,345000
1/3/87,323000
1/10/87,348000
1/17/87,341000
1/24/87,346000
1/31/87,370000
2/7/87,368000
2/14/87,338000
2/21/87,341000
2/28/87,348000
3/7/87,337000
3/14/87,335000
3/21/87,335000
3/28/87,326000
4/4/87,330000
4/11/87,338000
4/18/87,349000
4/25/87,328000
5/2/87,330000
5/9/87,315000
5/16/87,341000
5/23/87,343000
5/30/87,326000
6/6/87,328000
6/13/87,316000
6/20/87,319000
6/27/87,326000
7/4/87,326000
7/11/87,317000
7/18/87,310000
7/25/87,324000
8/1/87,348000
8/8/87,327000
8/15/87,319000
8/22/87,312000
8/29/87,322000
9/5/87,316000
9/12/87,297000
9/19/87,309000
9/26/87,317000
10/3/87,301000
10/10/87,308000
10/17/87,301000
10/24/87,301000
10/31/87,289000
11/7/87,297000
11/14/87,307000
11/21/87,317000
11/28/87,306000
12/5/87,319000
12/12/87,317000
12/19/87,323000
12/26/87,316000
1/2/88,315000
1/9/88,325000
1/16/88,361000
1/23/88,335000
1/30/88,342000
2/6/88,318000
2/13/88,311000
2/20/88,327000
2/27/88,319000
3/5/88,307000
3/12/88,304000
3/19/88,307000
3/26/88,304000
4/2/88,309000
4/9/88,313000
4/16/88,314000
4/23/88,312000
4/30/88,313000
5/7/88,309000
5/14/88,314000
5/21/88,319000
5/28/88,313000
6/4/88,310000
6/11/88,305000
6/18/88,311000
6/25/88,307000
7/2/88,305000
7/9/88,303000
7/16/88,315000
7/23/88,354000
7/30/88,331000
8/6/88,316000
8/13/88,312000
8/20/88,316000
8/27/88,315000
9/3/88,306000
9/10/88,305000
9/17/88,306000
9/24/88,301000
10/1/88,292000
10/8/88,292000
10/15/88,293000
10/22/88,286000
10/29/88,294000
11/5/88,285000
11/12/88,284000
11/19/88,294000
11/26/88,299000
12/3/88,298000
12/10/88,285000
12/17/88,293000
12/24/88,286000
12/31/88,304000
1/7/89,299000
1/14/89,283000
1/21/89,282000
1/28/89,295000
2/4/89,288000
2/11/89,322000
2/18/89,305000
2/25/89,300000
3/4/89,325000
3/11/89,325000
3/18/89,319000
3/25/89,319000
4/1/89,323000
4/8/89,314000
4/15/89,307000
4/22/89,304000
4/29/89,311000
5/6/89,320000
5/13/89,332000
5/20/89,321000
5/27/89,325000
6/3/89,325000
6/10/89,332000
6/17/89,337000
6/24/89,338000
7/1/89,349000
7/8/89,341000
7/15/89,349000
7/22/89,332000
7/29/89,337000
8/5/89,338000
8/12/89,341000
8/19/89,327000
8/26/89,332000
9/2/89,329000
9/9/89,336000
9/16/89,334000
9/23/89,334000
9/30/89,347000
10/7/89,407000
10/14/89,345000
10/21/89,347000
10/28/89,354000
11/4/89,333000
11/11/89,336000
11/18/89,336000
11/25/89,342000
12/2/89,344000
12/9/89,338000
12/16/89,355000
12/23/89,381000
12/30/89,358000
1/6/90,355000
1/13/90,369000
1/20/90,375000
1/27/90,345000
2/3/90,368000
2/10/90,367000
2/17/90,348000
2/24/90,350000
3/3/90,351000
3/10/90,349000
3/17/90,349000
3/24/90,331000
3/31/90,346000
4/7/90,367000
4/14/90,357000
4/21/90,360000
4/28/90,363000
5/5/90,354000
5/12/90,355000
5/19/90,353000
5/26/90,359000
6/2/90,368000
6/9/90,359000
6/16/90,359000
6/23/90,362000
6/30/90,364000
7/7/90,362000
7/14/90,367000
7/21/90,370000
7/28/90,369000
8/4/90,369000
8/11/90,381000
8/18/90,393000
8/25/90,394000
9/1/90,392000
9/8/90,390000
9/15/90,395000
9/22/90,389000
9/29/90,404000
10/6/90,404000
10/13/90,422000
10/20/90,435000
10/27/90,440000
11/3/90,430000
11/10/90,448000
11/17/90,447000
11/24/90,462000
12/1/90,451000
12/8/90,449000
12/15/90,447000
12/22/90,474000
12/29/90,454000
1/5/91,415000
1/12/91,437000
1/19/91,445000
1/26/91,462000
2/2/91,483000
2/9/91,480000
2/16/91,474000
2/23/91,499000
3/2/91,488000
3/9/91,499000
3/16/91,498000
3/23/91,509000
3/30/91,499000
4/6/91,452000
4/13/91,477000
4/20/91,478000
4/27/91,462000
5/4/91,451000
5/11/91,446000
5/18/91,448000
5/25/91,443000
6/1/91,432000
6/8/91,441000
6/15/91,429000
6/22/91,423000
6/29/91,418000
7/6/91,422000
7/13/91,420000
7/20/91,408000
7/27/91,423000
8/3/91,438000
8/10/91,437000
8/17/91,433000
8/24/91,425000
8/31/91,425000
9/7/91,424000
9/14/91,418000
9/21/91,419000
9/28/91,437000
10/5/91,424000
10/12/91,425000
10/19/91,419000
10/26/91,423000
11/2/91,447000
11/9/91,453000
11/16/91,439000
11/23/91,444000
11/30/91,444000
12/7/91,475000
12/14/91,475000
12/21/91,436000
12/28/91,441000
1/4/92,432000
1/11/92,440000
1/18/92,443000
1/25/92,441000
2/1/92,440000
2/8/92,445000
2/15/92,446000
2/22/92,436000
2/29/92,444000
3/7/92,421000
3/14/92,437000
3/21/92,440000
3/28/92,420000
4/4/92,412000
4/11/92,413000
4/18/92,424000
4/25/92,424000
5/2/92,431000
5/9/92,417000
5/16/92,414000
5/23/92,414000
5/30/92,411000
6/6/92,416000
6/13/92,420000
6/20/92,419000
6/27/92,420000
7/4/92,407000
7/11/92,408000
7/18/92,392000
7/25/92,564000
8/1/92,423000
8/8/92,406000
8/15/92,401000
8/22/92,398000
8/29/92,408000
9/5/92,416000
9/12/92,416000
9/19/92,427000
9/26/92,409000
10/3/92,398000
10/10/92,374000
10/17/92,385000
10/24/92,367000
10/31/92,365000
11/7/92,374000
11/14/92,377000
11/21/92,357000
11/28/92,341000
12/5/92,350000
12/12/92,359000
12/19/92,334000
12/26/92,313000
1/2/93,341000
1/9/93,354000
1/16/93,352000
1/23/93,341000
1/30/93,340000
2/6/93,319000
2/13/93,321000
2/20/93,351000
2/27/93,362000
3/6/93,354000
3/13/93,346000
3/20/93,338000
3/27/93,366000
4/3/93,365000
4/10/93,353000
4/17/93,351000
4/24/93,350000
5/1/93,343000
5/8/93,339000
5/15/93,345000
5/22/93,342000
5/29/93,349000
6/5/93,343000
6/12/93,343000
6/19/93,345000
6/26/93,340000
7/3/93,334000
7/10/93,314000
7/17/93,335000
7/24/93,415000
7/31/93,356000
8/7/93,346000
8/14/93,339000
8/21/93,342000
8/28/93,337000
9/4/93,334000
9/11/93,333000
9/18/93,346000
9/25/93,343000
10/2/93,333000
10/9/93,355000
10/16/93,359000
10/23/93,354000
10/30/93,348000
11/6/93,350000
11/13/93,341000
11/20/93,336000
11/27/93,337000
12/4/93,337000
12/11/93,334000
12/18/93,331000
12/25/93,290000
1/1/94,341000
1/8/94,343000
1/15/94,355000
1/22/94,351000
1/29/94,406000
2/5/94,361000
2/12/94,354000
2/19/94,352000
2/26/94,327000
3/5/94,348000
3/12/94,341000
3/19/94,332000
3/26/94,322000
4/2/94,342000
4/9/94,349000
4/16/94,354000
4/23/94,331000
4/30/94,344000
5/7/94,371000
5/14/94,360000
5/21/94,357000
5/28/94,348000
6/4/94,345000
6/11/94,338000
6/18/94,336000
6/25/94,341000
7/2/94,334000
7/9/94,341000
7/16/94,359000
7/23/94,345000
7/30/94,332000
8/6/94,338000
8/13/94,335000
8/20/94,331000
8/27/94,341000
9/3/94,339000
9/10/94,331000
9/17/94,326000
9/24/94,325000
10/1/94,330000
10/8/94,341000
10/15/94,335000
10/22/94,330000
10/29/94,331000
11/5/94,328000
11/12/94,329000
11/19/94,326000
11/26/94,329000
12/3/94,324000
12/10/94,329000
12/17/94,330000
12/24/94,314000
12/31/94,319000
1/7/95,338000
1/14/95,347000
1/21/95,325000
1/28/95,324000
2/4/95,324000
2/11/95,348000
2/18/95,343000
2/25/95,336000
3/4/95,339000
3/11/95,347000
3/18/95,343000
3/25/95,332000
4/1/95,335000
4/8/95,347000
4/15/95,355000
4/22/95,349000
4/29/95,365000
5/6/95,364000
5/13/95,366000
5/20/95,377000
5/27/95,374000
6/3/95,362000
6/10/95,367000
6/17/95,378000
6/24/95,358000
7/1/95,355000
7/8/95,372000
7/15/95,389000
7/22/95,390000
7/29/95,351000
8/5/95,351000
8/12/95,353000
8/19/95,362000
8/26/95,359000
9/2/95,355000
9/9/95,371000
9/16/95,376000
9/23/95,353000
9/30/95,355000
10/7/95,374000
10/14/95,369000
10/21/95,366000
10/28/95,377000
11/4/95,380000
11/11/95,370000
11/18/95,379000
11/25/95,379000
12/2/95,373000
12/9/95,346000
12/16/95,373000
12/23/95,374000
12/30/95,359000
1/6/96,361000
1/13/96,333000
1/20/96,415000
1/27/96,387000
2/3/96,374000
2/10/96,387000
2/17/96,383000
2/24/96,365000
3/2/96,368000
3/9/96,361000
3/16/96,384000
3/23/96,426000
3/30/96,393000
4/6/96,369000
4/13/96,357000
4/20/96,368000
4/27/96,343000
5/4/96,338000
5/11/96,352000
5/18/96,345000
5/25/96,343000
6/1/96,340000
6/8/96,351000
6/15/96,342000
6/22/96,341000
6/29/96,337000
7/6/96,342000
7/13/96,347000
7/20/96,332000
7/27/96,327000
8/3/96,326000
8/10/96,331000
8/17/96,336000
8/24/96,337000
8/31/96,329000
9/7/96,333000
9/14/96,338000
9/21/96,352000
9/28/96,348000
10/5/96,335000
10/12/96,334000
10/19/96,335000
10/26/96,352000
11/2/96,334000
11/9/96,327000
11/16/96,342000
11/23/96,347000
11/30/96,332000
12/7/96,355000
12/14/96,352000
12/21/96,350000
12/28/96,357000
1/4/97,347000
1/11/97,324000
1/18/97,345000
1/25/97,340000
2/1/97,333000
2/8/97,315000
2/15/97,313000
2/22/97,322000
3/1/97,321000
3/8/97,317000
3/15/97,319000
3/22/97,315000
3/29/97,325000
4/5/97,325000
4/12/97,330000
4/19/97,316000
4/26/97,337000
5/3/97,342000
5/10/97,318000
5/17/97,322000
5/24/97,316000
5/31/97,321000
6/7/97,329000
6/14/97,335000
6/21/97,316000
6/28/97,322000
7/5/97,346000
7/12/97,328000
7/19/97,301000
7/26/97,306000
8/2/97,320000
8/9/97,329000
8/16/97,343000
8/23/97,327000
8/30/97,332000
9/6/97,313000
9/13/97,314000
9/20/97,317000
9/27/97,317000
10/4/97,311000
10/11/97,305000
10/18/97,318000
10/25/97,306000
11/1/97,313000
11/8/97,308000
11/15/97,325000
11/22/97,309000
11/29/97,318000
12/6/97,317000
12/13/97,323000
12/20/97,310000
12/27/97,303000
1/3/98,312000
1/10/98,331000
1/17/98,341000
1/24/98,307000
1/31/98,315000
2/7/98,311000
2/14/98,321000
2/21/98,327000
2/28/98,317000
3/7/98,308000
3/14/98,319000
3/21/98,321000
3/28/98,312000
4/4/98,312000
4/11/98,304000
4/18/98,317000
4/25/98,311000
5/2/98,304000
5/9/98,306000
5/16/98,315000
5/23/98,309000
5/30/98,322000
6/6/98,306000
6/13/98,321000
6/20/98,349000
6/27/98,376000
7/4/98,362000
7/11/98,320000
7/18/98,315000
7/25/98,335000
8/1/98,327000
8/8/98,316000
8/15/98,308000
8/22/98,302000
8/29/98,310000
9/5/98,313000
9/12/98,304000
9/19/98,305000
9/26/98,294000
10/3/98,302000
10/10/98,316000
10/17/98,318000
10/24/98,309000
10/31/98,308000
11/7/98,316000
11/14/98,334000
11/21/98,304000
11/28/98,310000
12/5/98,326000
12/12/98,305000
12/19/98,297000
12/26/98,336000
1/2/99,331000
1/9/99,345000
1/16/99,339000
1/23/99,311000
1/30/99,305000
2/6/99,291000
2/13/99,312000
2/20/99,302000
2/27/99,301000
3/6/99,300000
3/13/99,308000
3/20/99,305000
3/27/99,298000
4/3/99,310000
4/10/99,319000
4/17/99,314000
4/24/99,291000
5/1/99,296000
5/8/99,310000
5/15/99,301000
5/22/99,298000
5/29/99,303000
6/5/99,303000
6/12/99,290000
6/19/99,292000
6/26/99,291000
7/3/99,287000
7/10/99,288000
7/17/99,309000
7/24/99,306000
7/31/99,300000
8/7/99,295000
8/14/99,292000
8/21/99,286000
8/28/99,290000
9/4/99,290000
9/11/99,281000
9/18/99,281000
9/25/99,306000
10/2/99,309000
10/9/99,291000
10/16/99,287000
10/23/99,280000
10/30/99,285000
11/6/99,282000
11/13/99,281000
11/20/99,276000
11/27/99,288000
12/4/99,287000
12/11/99,272000
12/18/99,287000
12/25/99,268000
1/1/00,286000
1/8/00,298000
1/15/00,289000
1/22/00,284000
1/29/00,285000
2/5/00,312000
2/12/00,300000
2/19/00,283000
2/26/00,280000
3/4/00,286000
3/11/00,270000
3/18/00,271000
3/25/00,272000
4/1/00,266000
4/8/00,268000
4/15/00,259000
4/22/00,274000
4/29/00,291000
5/6/00,293000
5/13/00,276000
5/20/00,280000
5/27/00,280000
6/3/00,290000
6/10/00,284000
6/17/00,294000
6/24/00,296000
7/1/00,281000
7/8/00,293000
7/15/00,303000
7/22/00,300000
7/29/00,298000
8/5/00,306000
8/12/00,315000
8/19/00,318000
8/26/00,312000
9/2/00,301000
9/9/00,309000
9/16/00,311000
9/23/00,288000
9/30/00,292000
10/7/00,309000
10/14/00,299000
10/21/00,295000
10/28/00,301000
11/4/00,331000
11/11/00,318000
11/18/00,332000
11/25/00,356000
12/2/00,338000
12/9/00,321000
12/16/00,354000
12/23/00,364000
12/30/00,353000
1/6/01,337000
1/13/01,318000
1/20/01,343000
1/27/01,362000
2/3/01,376000
2/10/01,365000
2/17/01,358000
2/24/01,386000
3/3/01,384000
3/10/01,393000
3/17/01,393000
3/24/01,378000
3/31/01,388000
4/7/01,398000
4/14/01,383000
4/21/01,400000
4/28/01,406000
5/5/01,381000
5/12/01,390000
5/19/01,402000
5/26/01,405000
6/2/01,406000
6/9/01,411000
6/16/01,394000
6/23/01,381000
6/30/01,394000
7/7/01,401000
7/14/01,405000
7/21/01,398000
7/28/01,388000
8/4/01,401000
8/11/01,394000
8/18/01,402000
8/25/01,395000
9/1/01,402000
9/8/01,408000
9/15/01,395000
9/22/01,453000
9/29/01,517000
10/6/01,476000
10/13/01,482000
10/20/01,482000
10/27/01,483000
11/3/01,440000
11/10/01,428000
11/17/01,431000
11/24/01,491000
12/1/01,465000
12/8/01,393000
12/15/01,389000
12/22/01,416000
12/29/01,421000
1/5/02,397000
1/12/02,418000
1/19/02,405000
1/26/02,414000
2/2/02,404000
2/9/02,397000
2/16/02,397000
2/23/02,398000
3/2/02,392000
3/9/02,399000
3/16/02,392000
3/23/02,415000
3/30/02,479000
4/6/02,445000
4/13/02,442000
4/20/02,416000
4/27/02,414000
5/4/02,409000
5/11/02,413000
5/18/02,411000
5/25/02,403000
6/1/02,378000
6/8/02,388000
6/15/02,396000
6/22/02,388000
6/29/02,386000
7/6/02,391000
7/13/02,384000
7/20/02,379000
7/27/02,390000
8/3/02,388000
8/10/02,389000
8/17/02,399000
8/24/02,398000
8/31/02,394000
9/7/02,416000
9/14/02,412000
9/21/02,401000
9/28/02,409000
10/5/02,404000
10/12/02,405000
10/19/02,412000
10/26/02,409000
11/2/02,405000
11/9/02,400000
11/16/02,389000
11/23/02,390000
11/30/02,377000
12/7/02,425000
12/14/02,429000
12/21/02,394000
12/28/02,409000
1/4/03,393000
1/11/03,378000
1/18/03,402000
1/25/03,407000
2/1/03,413000
2/8/03,390000
2/15/03,420000
2/22/03,421000
3/1/03,436000
3/8/03,424000
3/15/03,430000
3/22/03,411000
3/29/03,436000
4/5/03,417000
4/12/03,434000
4/19/03,450000
4/26/03,444000
5/3/03,428000
5/10/03,417000
5/17/03,425000
5/24/03,419000
5/31/03,431000
6/7/03,429000
6/14/03,421000
6/21/03,408000
6/28/03,429000
7/5/03,433000
7/12/03,412000
7/19/03,403000
7/26/03,398000
8/2/03,401000
8/9/03,404000
8/16/03,398000
8/23/03,391000
8/30/03,407000
9/6/03,422000
9/13/03,394000
9/20/03,379000
9/27/03,387000
10/4/03,386000
10/11/03,376000
10/18/03,387000
10/25/03,379000
11/1/03,363000
11/8/03,371000
11/15/03,370000
11/22/03,354000
11/29/03,357000
12/6/03,367000
12/13/03,363000
12/20/03,354000
12/27/03,349000
1/3/04,356000
1/10/04,354000
1/17/04,362000
1/24/04,353000
1/31/04,376000
2/7/04,380000
2/14/04,356000
2/21/04,359000
2/28/04,348000
3/6/04,344000
3/13/04,338000
3/20/04,346000
3/27/04,340000
4/3/04,335000
4/10/04,355000
4/17/04,364000
4/24/04,339000
5/1/04,324000
5/8/04,329000
5/15/04,349000
5/22/04,342000
5/29/04,337000
6/5/04,355000
6/12/04,339000
6/19/04,354000
6/26/04,348000
7/3/04,326000
7/10/04,345000
7/17/04,355000
7/24/04,348000
7/31/04,341000
8/7/04,336000
8/14/04,332000
8/21/04,343000
8/28/04,352000
9/4/04,326000
9/11/04,331000
9/18/04,341000
9/25/04,351000
10/2/04,335000
10/9/04,338000
10/16/04,327000
10/23/04,338000
10/30/04,332000
11/6/04,330000
11/13/04,337000
11/20/04,313000
11/27/04,335000
12/4/04,343000
12/11/04,316000
12/18/04,322000
12/25/04,320000
1/1/05,356000
1/8/05,369000
1/15/05,332000
1/22/05,329000
1/29/05,331000
2/5/05,307000
2/12/05,308000
2/19/05,318000
2/26/05,314000
3/5/05,333000
3/12/05,324000
3/19/05,329000
3/26/05,342000
4/2/05,335000
4/9/05,323000
4/16/05,307000
4/23/05,317000
4/30/05,334000
5/7/05,327000
5/14/05,321000
5/21/05,320000
5/28/05,340000
6/4/05,338000
6/11/05,333000
6/18/05,321000
6/25/05,311000
7/2/05,327000
7/9/05,338000
7/16/05,323000
7/23/05,318000
7/30/05,316000
8/6/05,311000
8/13/05,319000
8/20/05,315000
8/27/05,318000
9/3/05,326000
9/10/05,422000
9/17/05,424000
9/24/05,359000
10/1/05,384000
10/8/05,383000
10/15/05,348000
10/22/05,324000
10/29/05,322000
11/5/05,325000
11/12/05,309000
11/19/05,324000
11/26/05,311000
12/3/05,321000
12/10/05,327000
12/17/05,312000
12/24/05,320000
12/31/05,302000
1/7/06,326000
1/14/06,285000
1/21/06,290000
1/28/06,282000
2/4/06,289000
2/11/06,298000
2/18/06,283000
2/25/06,293000
3/4/06,302000
3/11/06,307000
3/18/06,303000
3/25/06,295000
4/1/06,291000
4/8/06,299000
4/15/06,299000
4/22/06,308000
4/29/06,321000
5/6/06,347000
5/13/06,335000
5/20/06,319000
5/27/06,330000
6/3/06,307000
6/10/06,298000
6/17/06,308000
6/24/06,309000
7/1/06,316000
7/8/06,343000
7/15/06,318000
7/22/06,306000
7/29/06,311000
8/5/06,318000
8/12/06,310000
8/19/06,315000
8/26/06,314000
9/2/06,315000
9/9/06,314000
9/16/06,324000
9/23/06,319000
9/30/06,309000
10/7/06,316000
10/14/06,305000
10/21/06,313000
10/28/06,328000
11/4/06,319000
11/11/06,311000
11/18/06,326000
11/25/06,349000
12/2/06,327000
12/9/06,311000
12/16/06,318000
12/23/06,323000
12/30/06,341000
1/6/07,330000
1/13/07,296000
1/20/07,335000
1/27/07,308000
2/3/07,310000
2/10/07,338000
2/17/07,321000
2/24/07,322000
3/3/07,320000
3/10/07,308000
3/17/07,309000
3/24/07,303000
3/31/07,307000
4/7/07,332000
4/14/07,327000
4/21/07,321000
4/28/07,301000
5/5/07,300000
5/12/07,297000
5/19/07,310000
5/26/07,310000
6/2/07,313000
6/9/07,313000
6/16/07,320000
6/23/07,313000
6/30/07,317000
7/7/07,321000
7/14/07,317000
7/21/07,310000
7/28/07,305000
8/4/07,314000
8/11/07,316000
8/18/07,321000
8/25/07,329000
9/1/07,314000
9/8/07,321000
9/15/07,313000
9/22/07,302000
9/29/07,317000
10/6/07,316000
10/13/07,335000
10/20/07,334000
10/27/07,328000
11/3/07,327000
11/10/07,333000
11/17/07,332000
11/24/07,352000
12/1/07,344000
12/8/07,332000
12/15/07,350000
12/22/07,355000
12/29/07,360000
1/5/08,346000
1/12/08,322000
1/19/08,321000
1/26/08,366000
2/2/08,350000
2/9/08,344000
2/16/08,339000
2/23/08,354000
3/1/08,345000
3/8/08,348000
3/15/08,369000
3/22/08,368000
3/29/08,387000
4/5/08,354000
4/12/08,365000
4/19/08,349000
4/26/08,370000
5/3/08,370000
5/10/08,366000
5/17/08,367000
5/24/08,369000
5/31/08,362000
6/7/08,382000
6/14/08,378000
6/21/08,381000
6/28/08,392000
7/5/08,371000
7/12/08,385000
7/19/08,402000
7/26/08,434000
8/2/08,448000
8/9/08,430000
8/16/08,424000
8/23/08,421000
8/30/08,442000
9/6/08,441000
9/13/08,449000
9/20/08,483000
9/27/08,483000
10/4/08,482000
10/11/08,461000
10/18/08,478000
10/25/08,480000
11/1/08,490000
11/8/08,512000
11/15/08,536000
11/22/08,532000
11/29/08,529000
12/6/08,570000
12/13/08,566000
12/20/08,587000
12/27/08,533000
1/3/09,503000
1/10/09,551000
1/17/09,591000
1/24/09,586000
1/31/09,629000
2/7/09,637000
2/14/09,632000
2/21/09,655000
2/28/09,652000
3/7/09,660000
3/14/09,651000
3/21/09,661000
3/28/09,665000
4/4/09,653000
4/11/09,599000
4/18/09,639000
4/25/09,620000
5/2/09,602000
5/9/09,625000
5/16/09,620000
5/23/09,606000
5/30/09,607000
6/6/09,596000
6/13/09,595000
6/20/09,608000
6/27/09,594000
7/4/09,573000
7/11/09,546000
7/18/09,560000
7/25/09,587000
8/1/09,555000
8/8/09,555000
8/15/09,562000
8/22/09,560000
8/29/09,564000
9/5/09,558000
9/12/09,542000
9/19/09,536000
9/26/09,554000
10/3/09,533000
10/10/09,511000
10/17/09,531000
10/24/09,530000
10/31/09,522000
11/7/09,512000
11/14/09,507000
11/21/09,482000
11/28/09,475000
12/5/09,497000
12/12/09,498000
12/19/09,479000
12/26/09,468000
1/2/10,456000
1/9/10,469000
1/16/10,507000
1/23/10,471000
1/30/10,496000
2/6/10,466000
2/13/10,489000
2/20/10,500000
2/27/10,488000
3/6/10,472000
3/13/10,478000
3/20/10,472000
3/27/10,459000
4/3/10,479000
4/10/10,479000
4/17/10,469000
4/24/10,449000
5/1/10,451000
5/8/10,451000
5/15/10,474000
5/22/10,463000
5/29/10,458000
6/5/10,459000
6/12/10,467000
6/19/10,452000
6/26/10,464000
7/3/10,454000
7/10/10,439000
7/17/10,462000
7/24/10,465000
7/31/10,476000
8/7/10,483000
8/14/10,486000
8/21/10,464000
8/28/10,467000
9/4/10,452000
9/11/10,444000
9/18/10,459000
9/25/10,459000
10/2/10,446000
10/9/10,459000
10/16/10,444000
10/23/10,432000
10/30/10,453000
11/6/10,434000
11/13/10,432000
11/20/10,407000
11/27/10,432000
12/4/10,428000
12/11/10,425000
12/18/10,424000
12/25/10,404000
1/1/11,413000
1/8/11,434000
1/15/11,421000
1/22/11,446000
1/29/11,420000
2/5/11,402000
2/12/11,425000
2/19/11,394000
2/26/11,385000
3/5/11,414000
3/12/11,404000
3/19/11,407000
3/26/11,399000
4/2/11,395000
4/9/11,416000
4/16/11,402000
4/23/11,422000
4/30/11,468000
5/7/11,435000
5/14/11,414000
5/21/11,423000
5/28/11,418000
6/4/11,423000
6/11/11,413000
6/18/11,416000
6/25/11,421000
7/2/11,418000
7/9/11,408000
7/16/11,420000
7/23/11,411000
7/30/11,406000
8/6/11,405000
8/13/11,409000
8/20/11,415000
8/27/11,409000
9/3/11,414000
9/10/11,429000
9/17/11,422000
9/24/11,406000
10/1/11,405000
10/8/11,410000
10/15/11,395000
10/22/11,403000
10/29/11,399000
11/5/11,392000
11/12/11,383000
11/19/11,385000
11/26/11,397000
12/3/11,387000
12/10/11,368000
12/17/11,368000
12/24/11,386000
12/31/11,376000
1/7/12,391000
1/14/12,367000
1/21/12,381000
1/28/12,372000
2/4/12,368000
2/11/12,361000
2/18/12,359000
2/25/12,365000
3/3/12,375000
3/10/12,369000
3/17/12,368000
3/24/12,363000
3/31/12,358000
4/7/12,387000
4/14/12,381000
4/21/12,387000
4/28/12,372000
5/5/12,373000
5/12/12,369000
5/19/12,371000
5/26/12,381000
6/2/12,377000
6/9/12,383000
6/16/12,384000
6/23/12,380000
6/30/12,372000
7/7/12,360000
7/14/12,390000
7/21/12,368000
7/28/12,372000
8/4/12,371000
8/11/12,369000
8/18/12,376000
8/25/12,377000
9/1/12,371000
9/8/12,393000
9/15/12,392000
9/22/12,377000
9/29/12,376000
10/6/12,350000
10/13/12,386000
10/20/12,374000
10/27/12,364000
11/3/12,365000
11/10/12,446000
11/17/12,406000
11/24/12,388000
12/1/12,375000
12/8/12,340000
12/15/12,356000
12/22/12,362000
12/29/12,362000
1/5/13,363000
1/12/13,344000
1/19/13,339000
1/26/13,366000
2/2/13,361000
2/9/13,347000
2/16/13,362000
2/23/13,342000
3/2/13,340000
3/9/13,343000
3/16/13,343000
3/23/13,358000
3/30/13,375000
4/6/13,359000
4/13/13,356000
4/20/13,343000
4/27/13,331000
5/4/13,335000
5/11/13,360000
5/18/13,343000
5/25/13,353000
6/1/13,346000
6/8/13,337000
6/15/13,353000
6/22/13,347000
6/29/13,340000
7/6/13,351000
7/13/13,344000
7/20/13,355000
7/27/13,334000
8/3/13,339000
8/10/13,327000
8/17/13,340000
8/24/13,336000
8/31/13,325000
9/7/13,300000
9/14/13,323000
9/21/13,314000
9/28/13,319000
10/5/13,368000
10/12/13,368000
10/19/13,351000
10/26/13,347000
11/2/13,342000
11/9/13,340000
11/16/13,331000
11/23/13,316000
11/30/13,312000
12/7/13,354000
12/14/13,364000
12/21/13,334000
12/28/13,332000
1/4/14,322000
1/11/14,318000
1/18/14,327000
1/25/14,340000
2/1/14,331000
2/8/14,337000
2/15/14,332000
2/22/14,341000
3/1/14,319000
3/8/14,322000
3/15/14,321000
3/22/14,313000
3/29/14,330000
4/5/14,311000
4/12/14,308000
4/19/14,327000
4/26/14,345000
5/3/14,325000
5/10/14,303000
5/17/14,324000
5/24/14,305000
5/31/14,312000
6/7/14,317000
6/14/14,314000
6/21/14,315000
6/28/14,308000
7/5/14,302000
7/12/14,308000
7/19/14,294000
7/26/14,303000
8/2/14,295000
8/9/14,309000
8/16/14,303000
8/23/14,300000
8/30/14,303000
9/6/14,307000
9/13/14,288000
9/20/14,295000
9/27/14,290000
10/4/14,293000
10/11/14,281000
10/18/14,290000
10/25/14,291000
11/1/14,280000
11/8/14,291000
11/15/14,293000
11/22/14,303000
11/29/14,291000
12/6/14,291000
12/13/14,286000
12/20/14,276000
12/27/14,285000
1/3/15,294000
1/10/15,304000
1/17/15,298000
1/24/15,261000
1/31/15,281000
2/7/15,298000
2/14/15,285000
2/21/15,305000
2/28/15,317000
3/7/15,293000
3/14/15,290000
3/21/15,284000
3/28/15,269000
4/4/15,282000
4/11/15,298000
4/18/15,295000
4/25/15,269000
5/2/15,267000
5/9/15,271000
5/16/15,276000
5/23/15,281000
5/30/15,275000
6/6/15,278000
6/13/15,269000
6/20/15,273000
6/27/15,275000
7/4/15,292000
7/11/15,285000
7/18/15,265000
7/25/15,269000
8/1/15,270000
8/8/15,274000
8/15/15,279000
8/22/15,274000
8/29/15,279000
9/5/15,273000
9/12/15,264000
9/19/15,269000
9/26/15,272000
10/3/15,267000
10/10/15,265000
10/17/15,264000
10/24/15,264000
10/31/15,275000
11/7/15,276000
11/14/15,272000
11/21/15,261000
11/28/15,265000
12/5/15,280000
12/12/15,268000
12/19/15,260000
12/26/15,276000
1/2/16,273000
1/9/16,284000
1/16/16,290000
1/23/16,269000
1/30/16,282000
2/6/16,266000
2/13/16,262000
2/20/16,270000
2/27/16,269000
3/5/16,255000
3/12/16,263000
3/19/16,264000
3/26/16,271000
4/2/16,273000
4/9/16,263000
4/16/16,257000
4/23/16,259000
4/30/16,278000
5/7/16,289000
5/14/16,279000
5/21/16,267000
5/28/16,263000
6/4/16,265000
6/11/16,273000
6/18/16,261000
6/25/16,262000
7/2/16,255000
7/9/16,252000
7/16/16,260000
7/23/16,264000
7/30/16,266000
8/6/16,265000
8/13/16,264000
8/20/16,264000
8/27/16,261000
9/3/16,257000
9/10/16,252000
9/17/16,250000
9/24/16,247000
10/1/16,245000
10/8/16,250000
10/15/16,263000
10/22/16,256000
10/29/16,265000
11/5/16,250000
11/12/16,232000
11/19/16,246000
11/26/16,255000
12/3/16,248000
12/10/16,252000
12/17/16,260000
12/24/16,257000
12/31/16,244000
1/7/17,245000
1/14/17,240000
1/21/17,250000
1/28/17,241000
2/4/17,230000
2/11/17,233000
2/18/17,237000
2/25/17,221000
3/4/17,236000
3/11/17,228000
3/18/17,235000
3/25/17,236000
4/1/17,216000
4/8/17,222000
4/15/17,231000
4/22/17,238000
4/29/17,232000
5/6/17,233000
5/13/17,234000
5/20/17,236000
5/27/17,253000
6/3/17,251000
6/10/17,245000
6/17/17,249000
6/24/17,247000
7/1/17,256000
7/8/17,259000
7/15/17,245000
7/22/17,249000
7/29/17,245000
8/5/17,254000
8/12/17,245000
8/19/17,245000
8/26/17,247000
9/2/17,297000
9/9/17,280000
9/16/17,261000
9/23/17,264000
9/30/17,260000
10/7/17,252000
10/14/17,235000
10/21/17,241000
10/28/17,241000
11/4/17,248000
11/11/17,254000
11/18/17,246000
11/25/17,243000
12/2/17,241000
12/9/17,229000
12/16/17,244000
12/23/17,251000
12/30/17,248000
1/6/18,252000
1/13/18,230000
1/20/18,231000
1/27/18,228000
2/3/18,224000
2/10/18,225000
2/17/18,219000
2/24/18,216000
3/3/18,228000
3/10/18,223000
3/17/18,225000
3/24/18,221000
3/31/18,232000
4/7/18,234000
4/14/18,236000
4/21/18,207000
4/28/18,209000
5/5/18,211000
5/12/18,222000
5/19/18,230000
5/26/18,222000
6/2/18,223000
6/9/18,222000
6/16/18,218000
6/23/18,222000
6/30/18,228000
7/7/18,216000
7/14/18,205000
7/21/18,210000
7/28/18,207000
8/4/18,210000
8/11/18,206000
8/18/18,207000
8/25/18,211000
9/1/18,201000
9/8/18,204000
9/15/18,206000
9/22/18,205000
9/29/18,210000
10/6/18,211000
10/13/18,208000
10/20/18,217000
10/27/18,216000
11/3/18,218000
11/10/18,221000
11/17/18,225000
11/24/18,237000
12/1/18,232000
12/8/18,208000
12/15/18,217000
12/22/18,228000
12/29/18,238000
1/5/19,225000
1/12/19,218000
1/19/19,214000
1/26/19,234000
2/2/19,232000
2/9/19,226000
2/16/19,211000
2/23/19,221000
3/2/19,216000
3/9/19,218000
3/16/19,212000
3/23/19,210000
3/30/19,203000
4/6/19,196000
4/13/19,197000
4/20/19,222000
4/27/19,224000
5/4/19,225000
5/11/19,212000
5/18/19,215000
5/25/19,222000
6/1/19,223000
6/8/19,226000
6/15/19,217000
6/22/19,234000
6/29/19,226000
7/6/19,215000
7/13/19,211000
7/20/19,202000
7/27/19,206000
8/3/19,208000
8/10/19,212000
8/17/19,207000
8/24/19,213000
8/31/19,215000
9/7/19,207000
9/14/19,205000
9/21/19,211000
9/28/19,215000
10/5/19,209000
10/12/19,215000
10/19/19,210000
10/26/19,215000
11/2/19,214000
11/9/19,227000
11/16/19,229000
11/23/19,221000
11/30/19,231000
12/7/19,247000
12/14/19,236000
12/21/19,230000
12/28/19,231000
1/4/20,224000
1/11/20,207000
1/18/20,221000
1/25/20,210000
2/1/20,207000
2/8/20,202000
2/15/20,209000
2/22/20,218000
2/29/20,215000
3/7/20,208000
3/14/20,273000
3/21/20,2914000
3/28/20,5946000
4/4/20,6137000
4/11/20,4869000
4/18/20,4201000
4/25/20,3446000
5/2/20,2796000
5/9/20,2335000
5/16/20,2176000
5/23/20,1921000
5/30/20,1639000
6/6/20,1575000
6/13/20,1473000
6/20/20,1467000
6/27/20,1446000
7/4/20,1413000
7/11/20,1468000
7/18/20,1393000
7/25/20,1260000
8/1/20,1044000
8/8/20,884000
8/15/20,927000
8/22/20,876000
8/29/20,881000
9/5/20,892000
9/12/20,861000
9/19/20,859000
9/26/20,795000
10/3/20,785000
10/10/20,839000
10/17/20,804000
10/24/20,776000
10/31/20,773000
11/7/20,737000
11/14/20,738000
11/21/20,793000
11/28/20,737000
12/5/20,873000
12/12/20,886000
12/19/20,815000
12/26/20,773000
1/2/21,803000
1/9/21,890000
1/16/21,844000
1/23/21,799000
1/30/21,803000
2/6/21,812000
2/13/21,802000
2/20/21,702000
2/27/21,704000
3/6/21,693000
3/13/21,699000
3/20/21,627000
3/27/21,658000
4/3/21,645000
4/10/21,571000
4/17/21,566000
4/24/21,574000
5/1/21,517000
5/8/21,494000
5/15/21,467000
5/22/21,441000
5/29/21,427000
6/5/21,420000
6/12/21,428000
6/19/21,422000
6/26/21,369000
7/3/21,371000
7/10/21,332000
7/17/21,387000
7/24/21,380000
7/31/21,380000
8/7/21,361000
8/14/21,368000
8/21/21,358000
8/28/21,353000
9/4/21,337000
9/11/21,344000
9/18/21,367000
9/25/21,374000
10/2/21,314000
10/9/21,290000
10/16/21,290000
10/23/21,268000
10/30/21,262000
11/6/21,251000
11/13/21,250000
11/20/21,223000
11/27/21,222000
12/4/21,207000
12/11/21,227000
12/18/21,215000
12/25/21,216000
1/1/22,227000
1/8/22,247000
1/15/22,245000
1/22/22,238000
1/29/22,231000
2/5/22,210000
2/12/22,234000
2/19/22,225000
2/26/22,209000
3/5/22,222000
3/12/22,217000
3/19/22,207000
3/26/22,214000
4/2/22,215000
4/9/22,213000
4/16/22,209000
4/23/22,210000
4/30/22,219000
5/7/22,204000
5/14/22,225000
5/21/22,211000
5/28/22,200000
6/4/22,214000
6/11/22,213000
6/18/22,215000
6/25/22,212000
7/2/22,215000
7/9/22,212000
7/16/22,216000
7/23/22,220000
7/30/22,228000
8/6/22,221000
8/13/22,220000
8/20/22,215000
8/27/22,210000
9/3/22,204000
9/10/22,197000
9/17/22,201000
9/24/22,189000
10/1/22,204000
10/8/22,206000
10/15/22,199000
10/22/22,201000
10/29/22,202000
11/5/22,204000
11/12/22,210000
11/19/22,220000
11/26/22,209000
12/3/22,209000
12/10/22,210000
12/17/22,213000
12/24/22,204000
12/31/22,204000
1/7/23,208000
1/14/23,203000
1/21/23,203000
1/28/23,200000
2/4/23,215000
2/11/23,219000
2/18/23,217000
2/25/23,209000
3/4/23,229000
3/11/23,222000
3/18/23,230000
3/25/23,234000
4/1/23,217000
4/8/23,219000
4/15/23,223000
4/22/23,210000
4/29/23,214000
5/6/23,223000
5/13/23,225000
5/20/23,227000
5/27/23,230000
6/3/23,253000
6/10/23,258000
6/17/23,260000
6/24/23,236000
7/1/23,248000
7/8/23,229000
7/15/23,228000
7/22/23,231000
7/29/23,238000
8/5/23,258000
8/12/23,248000
8/19/23,240000
8/26/23,234000
9/2/23,227000
9/9/23,227000
9/16/23,210000
9/23/23,215000
9/30/23,216000
10/7/23,210000
10/14/23,200000
10/21/23,214000
10/28/23,217000
11/4/23,216000
11/11/23,229000
11/18/23,213000
11/25/23,214000
12/2/23,216000
12/9/23,204000
12/16/23,209000
12/23/23,210000
12/30/23,198000
1/6/24,199000
1/13/24,193000
1/20/24,223000
1/27/24,225000
2/3/24,214000
2/10/24,212000
2/17/24,203000
2/24/24,214000
3/2/24,212000
3/9/24,213000
3/16/24,213000
3/23/24,214000
3/30/24,223000
4/6/24,212000
4/13/24,211000
4/20/24,209000
4/27/24,209000
5/4/24,229000
5/11/24,222000
5/18/24,216000
5/25/24,221000
6/1/24,229000
6/8/24,241000
6/15/24,237000
6/22/24,233000
6/29/24,238000
7/6/24,222000
7/13/24,240000
7/20/24,236000
7/27/24,248000
8/3/24,234000
8/10/24,228000
8/17/24,232000
8/24/24,232000
8/31/24,228000
9/7/24,230000
9/14/24,222000
9/21/24,221000
9/28/24,227000
10/5/24,259000
10/12/24,240000
10/19/24,228000
10/26/24,218000
11/2/24,221000
11/9/24,219000
11/16/24,216000
11/23/24,216000
11/30/24,225000
12/7/24,239000
12/14/24,222000
12/21/24,219000
12/28/24,209000
1/4/25,205000
1/11/25,217000
1/18/25,222000
1/25/25,210000
2/1/25,222000
2/8/25,215000
2/15/25,224000
2/22/25,243000
3/1/25,224000
3/8/25,223000
3/15/25,225000
3/22/25,225000
3/29/25,219000
4/5/25,224000
4/12/25,216000
4/19/25,223000
4/26/25,241000
5/3/25,229000
5/10/25,228000
5/17/25,226000
5/24/25,239000
5/31/25,248000
6/7/25,250000
6/14/25,246000
6/21/25,237000
6/28/25,232000
7/5/25,228000
7/12/25,221000
7/19/25,217000
7/26/25,219000
8/2/25,227000
8/9/25,224000
8/16/25,234000
8/23/25,229000
8/30/25,236000
9/6/25,264000
9/13/25,232000
9/20/25,218000