Date,Price Open,Last Price
11/29/02,#N/A N/A,1871.9
12/2/02,#N/A N/A,1915.6
12/3/02,#N/A N/A,1901.9
12/4/02,#N/A N/A,1898.1
12/5/02,#N/A N/A,1895.5
12/6/02,#N/A N/A,1858.5
12/9/02,#N/A N/A,1868
12/10/02,#N/A N/A,1875.9
12/11/02,#N/A N/A,1833.7
12/12/02,#N/A N/A,1855.1
12/13/02,1888,1888
12/16/02,#N/A N/A,1916.9
12/17/02,#N/A N/A,1922.2
12/18/02,#N/A N/A,1875.5
12/19/02,#N/A N/A,1848.1
12/20/02,#N/A N/A,1842
12/23/02,#N/A N/A,1867.8
12/27/02,#N/A N/A,1857.5
12/30/02,#N/A N/A,1826.9
1/2/03,#N/A N/A,1876.2
1/3/03,#N/A N/A,1889.2
1/7/03,1908.1,1908.1
1/8/03,#N/A N/A,1851.4
1/9/03,#N/A N/A,1838.2
1/10/03,#N/A N/A,1855.9
1/13/03,#N/A N/A,1879.6
1/14/03,#N/A N/A,1870.5
1/15/03,#N/A N/A,1866.7
1/16/03,#N/A N/A,1820.3
1/17/03,#N/A N/A,1798.1
1/20/03,#N/A N/A,1771
1/21/03,#N/A N/A,1778.1
1/22/03,#N/A N/A,1728.5
1/23/03,#N/A N/A,1746.3
1/24/03,#N/A N/A,1731.8
1/27/03,#N/A N/A,1721.3
1/28/03,#N/A N/A,1734.3
1/29/03,#N/A N/A,1715
1/30/03,#N/A N/A,1726.6
1/31/03,#N/A N/A,1714
2/3/03,#N/A N/A,1732.1
2/4/03,1720,1710.5
2/5/03,1685,1685
2/6/03,1670,1668.3
2/7/03,#N/A N/A,1669.8
2/10/03,1681,1681
2/11/03,#N/A N/A,1689.8
2/12/03,#N/A N/A,1705.4
2/13/03,1686,1686
2/14/03,#N/A N/A,1658.4
2/17/03,1642.1,1642.1
2/18/03,1636.5,1636.5
2/19/03,1619.8,1619.8
2/20/03,#N/A N/A,1636.5
2/21/03,#N/A N/A,1634.6
2/24/03,#N/A N/A,1663.8
2/25/03,1650,1650
2/26/03,#N/A N/A,1649.9
2/27/03,1649.7,1649.7
2/28/03,#N/A N/A,1640.2
3/3/03,#N/A N/A,1597.1
3/4/03,#N/A N/A,1575.3
3/5/03,#N/A N/A,1585.8
3/6/03,#N/A N/A,1587.3
3/7/03,#N/A N/A,1591.1
3/10/03,#N/A N/A,1612.8
3/11/03,#N/A N/A,1617.7
3/12/03,#N/A N/A,1613.4
3/13/03,#N/A N/A,1631
3/14/03,#N/A N/A,1634.9
3/17/03,1589.5,1596.6
3/18/03,1620.2,1620.2
3/19/03,#N/A N/A,1667.9
3/20/03,#N/A N/A,1673.9
3/21/03,#N/A N/A,1716.9
3/24/03,#N/A N/A,1710.6
3/25/03,#N/A N/A,1701.3
3/26/03,#N/A N/A,1715.8
3/27/03,#N/A N/A,1704.2
3/28/03,#N/A N/A,1712.7
3/31/03,#N/A N/A,1674.9
4/1/03,#N/A N/A,1691.9
4/2/03,#N/A N/A,1719.1
4/3/03,#N/A N/A,1753.1
4/4/03,#N/A N/A,1785.5
4/7/03,#N/A N/A,1811.2
4/8/03,#N/A N/A,1802.8
4/9/03,#N/A N/A,1801.5
4/10/03,#N/A N/A,1792.5
4/11/03,#N/A N/A,1812.2
4/14/03,#N/A N/A,1777.8
4/15/03,#N/A N/A,1799.6
4/16/03,#N/A N/A,1762.5
4/17/03,1749.8,1749.8
4/22/03,#N/A N/A,1726.2
4/23/03,#N/A N/A,1750.9
4/24/03,#N/A N/A,1752.7
4/25/03,#N/A N/A,1773.1
4/28/03,#N/A N/A,1775.9
4/29/03,#N/A N/A,1807.5
4/30/03,#N/A N/A,1819.8
5/5/03,#N/A N/A,1854.5
5/6/03,#N/A N/A,1869.8
5/7/03,#N/A N/A,1841.9
5/8/03,#N/A N/A,1832.2
5/9/03,1825,1827
5/12/03,1794,1794
5/13/03,1856.4,1831.3
5/14/03,#N/A N/A,1817.3
5/15/03,#N/A N/A,1824.5
5/16/03,#N/A N/A,1840.9
5/20/03,#N/A N/A,1857.8
5/21/03,#N/A N/A,1853.7
5/22/03,#N/A N/A,1859.6
5/23/03,#N/A N/A,1837.2
5/26/03,#N/A N/A,1838.8
5/27/03,#N/A N/A,1812.7
5/28/03,#N/A N/A,1857.5
5/30/03,#N/A N/A,1823.2
6/2/03,#N/A N/A,1817.3
6/3/03,#N/A N/A,1797.9
6/4/03,#N/A N/A,1725
6/5/03,#N/A N/A,1733.9
6/6/03,#N/A N/A,1727.2
6/10/03,1696,1696
6/11/03,#N/A N/A,1704.4
6/12/03,1698.6,1698.6
6/13/03,1689.3,1689.3
6/16/03,1639.3,1639.3
6/17/03,#N/A N/A,1653.3
6/18/03,#N/A N/A,1598.9
6/20/03,#N/A N/A,1597.2
6/23/03,#N/A N/A,1634.4
6/24/03,#N/A N/A,1614.3
6/25/03,#N/A N/A,1648.4
6/26/03,#N/A N/A,1611.8
6/27/03,#N/A N/A,1603.9
6/30/03,#N/A N/A,1582.7
7/1/03,#N/A N/A,1594.6
7/2/03,#N/A N/A,1614.6
7/3/03,#N/A N/A,1627.6
7/4/03,#N/A N/A,1635.5
7/7/03,#N/A N/A,1659.5
7/8/03,#N/A N/A,1661.9
7/9/03,#N/A N/A,1666.2
7/10/03,#N/A N/A,1665.5
7/11/03,#N/A N/A,1663
7/14/03,1679,1670.9
7/15/03,#N/A N/A,1661.6
7/16/03,1683.1,1676
7/17/03,#N/A N/A,1652.3
7/18/03,#N/A N/A,1656.3
7/21/03,#N/A N/A,1623.5
7/22/03,#N/A N/A,1620.2
7/23/03,#N/A N/A,1637.1
7/24/03,#N/A N/A,1644.1
7/25/03,#N/A N/A,1639.4
7/28/03,#N/A N/A,1683.7
7/29/03,#N/A N/A,1684.1
7/30/03,#N/A N/A,1703.5
7/31/03,#N/A N/A,1713.7
8/1/03,#N/A N/A,1695
8/4/03,#N/A N/A,1699.3
8/5/03,#N/A N/A,1715.9
8/6/03,#N/A N/A,1711.1
8/7/03,#N/A N/A,1694
8/8/03,#N/A N/A,1711.8
8/11/03,1712.8,1712.8
8/12/03,1688.7,1688.7
8/13/03,1737,1737
8/14/03,#N/A N/A,1746.9
8/18/03,#N/A N/A,1763.6
8/19/03,#N/A N/A,1810.4
8/21/03,#N/A N/A,1856.3
8/22/03,#N/A N/A,1868.5
8/25/03,#N/A N/A,1858
8/26/03,#N/A N/A,1851.9
8/27/03,#N/A N/A,1870.8
8/28/03,#N/A N/A,1907.9
8/29/03,#N/A N/A,1913.3
9/1/03,#N/A N/A,1935.1
9/2/03,#N/A N/A,1911.5
9/3/03,#N/A N/A,1968.9
9/4/03,#N/A N/A,1966.9
9/5/03,#N/A N/A,1951.8
9/8/03,#N/A N/A,1976
9/9/03,#N/A N/A,1984.2
9/10/03,#N/A N/A,1946.1
9/11/03,#N/A N/A,1960
9/12/03,1974,1972.3
9/15/03,#N/A N/A,1929.6
9/16/03,1933.8,1933.8
9/17/03,#N/A N/A,1993
9/18/03,#N/A N/A,1982
9/19/03,#N/A N/A,1980.3
9/22/03,#N/A N/A,1949.7
9/23/03,#N/A N/A,1963.9
9/24/03,#N/A N/A,1982.1
9/25/03,#N/A N/A,1955.3
9/26/03,#N/A N/A,1953.9
9/29/03,#N/A N/A,1958
9/30/03,#N/A N/A,1924.8
10/1/03,#N/A N/A,1961.4
10/2/03,#N/A N/A,1996.3
10/3/03,#N/A N/A,1997
10/6/03,#N/A N/A,2036.1
10/7/03,#N/A N/A,2042.5
10/8/03,#N/A N/A,2107.8
10/9/03,#N/A N/A,2110
10/10/03,#N/A N/A,2100.2
10/13/03,#N/A N/A,2077.7
10/14/03,#N/A N/A,2133
10/15/03,#N/A N/A,2106.9
10/16/03,#N/A N/A,2103.1
10/17/03,#N/A N/A,2114.6
10/20/03,#N/A N/A,2119.6
10/21/03,#N/A N/A,2108.4
10/22/03,#N/A N/A,2100.5
10/27/03,#N/A N/A,2029.6
10/28/03,#N/A N/A,2038.8
10/29/03,#N/A N/A,2035.7
10/30/03,#N/A N/A,2049
10/31/03,#N/A N/A,2020.8
11/3/03,#N/A N/A,2014.3
11/4/03,#N/A N/A,2017.2
11/5/03,#N/A N/A,2066.9
11/6/03,#N/A N/A,2076.5
11/7/03,#N/A N/A,2064.8
11/10/03,#N/A N/A,2076.2
11/11/03,#N/A N/A,2059.1
11/12/03,#N/A N/A,2080.1
11/13/03,#N/A N/A,2084.4
11/14/03,#N/A N/A,2055.2
11/17/03,#N/A N/A,2049.1
11/18/03,#N/A N/A,2030.1
11/19/03,2045.2,2043.8
11/20/03,#N/A N/A,1960.1
11/21/03,#N/A N/A,1971.5
11/24/03,#N/A N/A,1988.2
11/25/03,1952,1952
11/26/03,#N/A N/A,1920.2
11/27/03,#N/A N/A,1871.5
11/28/03,#N/A N/A,1872.8
12/1/03,#N/A N/A,1893.4
12/2/03,1853,1853
12/3/03,#N/A N/A,1790.6
12/4/03,#N/A N/A,1833.6
12/5/03,#N/A N/A,1873.9
12/9/03,#N/A N/A,1930.4
12/10/03,1944,1944
12/11/03,#N/A N/A,1886.4
12/12/03,#N/A N/A,1904.3
12/15/03,1930,1930
12/16/03,1919.6,1908.2
12/17/03,1912,1897.2
12/18/03,#N/A N/A,1933.5
12/19/03,#N/A N/A,1941.6
12/22/03,#N/A N/A,1953.6
12/23/03,#N/A N/A,1970.3
12/29/03,#N/A N/A,1994.2
12/30/03,#N/A N/A,1993.8
1/5/04,#N/A N/A,2015.9
1/7/04,#N/A N/A,2002.4
1/8/04,#N/A N/A,2010.3
1/9/04,#N/A N/A,1960.4
1/12/04,#N/A N/A,1929
1/13/04,#N/A N/A,1964
1/14/04,#N/A N/A,1973.8
1/15/04,#N/A N/A,1956.4
1/16/04,#N/A N/A,1974.9
1/19/04,#N/A N/A,2016
1/20/04,#N/A N/A,2016.1
1/21/04,#N/A N/A,2006
1/22/04,#N/A N/A,2017.9
1/23/04,#N/A N/A,2049.2
1/26/04,#N/A N/A,2049.9
1/27/04,#N/A N/A,2046.6
1/28/04,#N/A N/A,2088.2
1/29/04,#N/A N/A,2081.1
1/30/04,#N/A N/A,2087
2/2/04,#N/A N/A,2109.2
2/3/04,#N/A N/A,2085.8
2/4/04,#N/A N/A,2069.6
2/5/04,#N/A N/A,2063.3
2/6/04,#N/A N/A,2050.5
2/9/04,#N/A N/A,2086.3
2/10/04,#N/A N/A,2084.5
2/11/04,#N/A N/A,2050.2
2/12/04,2028.4,2028.4
2/13/04,#N/A N/A,2056.9
2/16/04,2061,2061
2/17/04,#N/A N/A,2044.3
2/18/04,#N/A N/A,2048.7
2/19/04,#N/A N/A,2079.6
2/20/04,#N/A N/A,2080.9
2/23/04,#N/A N/A,2073.4
2/24/04,2095,2095
2/25/04,#N/A N/A,2115.9
2/26/04,#N/A N/A,2164.7
2/27/04,#N/A N/A,2168.7
3/1/04,#N/A N/A,2190.9
3/2/04,#N/A N/A,2243.6
3/3/04,#N/A N/A,2250.1
3/4/04,2287,2287
3/5/04,2315,2316.1
3/8/04,#N/A N/A,2356.8
3/9/04,#N/A N/A,2306.7
3/10/04,#N/A N/A,2306
3/11/04,#N/A N/A,2262.3
3/12/04,2247,2247
3/16/04,2224.3,2226.3
3/17/04,#N/A N/A,2268.8
3/18/04,#N/A N/A,2289.1
3/19/04,#N/A N/A,2284.3
3/22/04,#N/A N/A,2278.5
3/23/04,#N/A N/A,2324.2
3/24/04,#N/A N/A,2325.2
3/25/04,#N/A N/A,2383
3/26/04,2399.8,2399.8
3/29/04,#N/A N/A,2438.9
3/30/04,#N/A N/A,2433
3/31/04,#N/A N/A,2422
4/1/04,#N/A N/A,2393.9
4/2/04,#N/A N/A,2476.1
4/5/04,#N/A N/A,2502
4/6/04,#N/A N/A,2510.6
4/7/04,#N/A N/A,2532.5
4/8/04,#N/A N/A,2528.2
4/13/04,#N/A N/A,2589.9
4/14/04,#N/A N/A,2485
4/15/04,#N/A N/A,2508.2
4/16/04,#N/A N/A,2508.8
4/19/04,#N/A N/A,2468.7
4/20/04,#N/A N/A,2537.7
4/21/04,#N/A N/A,2553
4/22/04,#N/A N/A,2497.2
4/23/04,#N/A N/A,2486
4/26/04,#N/A N/A,2489.5
4/27/04,#N/A N/A,2444.1
4/28/04,#N/A N/A,2457.5
4/29/04,#N/A N/A,2432
4/30/04,#N/A N/A,2425.1
5/3/04,#N/A N/A,2421.1
5/4/04,#N/A N/A,2435.1
5/5/04,#N/A N/A,2444
5/6/04,#N/A N/A,2388.4
5/7/04,#N/A N/A,2332.8
5/10/04,#N/A N/A,2259.6
5/11/04,#N/A N/A,2276.9
5/12/04,#N/A N/A,2273.9
5/13/04,#N/A N/A,2233.2
5/14/04,#N/A N/A,2209.3
5/17/04,2110.3,2140.4
5/18/04,#N/A N/A,2314.4
5/19/04,#N/A N/A,2392.4
5/21/04,#N/A N/A,2326.6
5/24/04,#N/A N/A,2357.9
5/25/04,#N/A N/A,2327.5
5/26/04,#N/A N/A,2332.9
5/27/04,#N/A N/A,2341.6
5/28/04,#N/A N/A,2361.2
6/1/04,#N/A N/A,2340.9
6/2/04,#N/A N/A,2346.1
6/3/04,#N/A N/A,2331.1
6/4/04,#N/A N/A,2342.7
6/7/04,2352,2352
6/8/04,#N/A N/A,2346.5
6/9/04,#N/A N/A,2340
6/11/04,2299.2,2299.2
6/14/04,#N/A N/A,2300.5
6/15/04,2287.3,2287.3
6/16/04,#N/A N/A,2334
6/17/04,#N/A N/A,2291
6/18/04,#N/A N/A,2308.8
6/21/04,#N/A N/A,2300.6
6/22/04,#N/A N/A,2319
6/23/04,#N/A N/A,2360.3
6/24/04,#N/A N/A,2375.7
6/25/04,#N/A N/A,2392.2
6/28/04,#N/A N/A,2392.5
6/29/04,#N/A N/A,2421.1
6/30/04,#N/A N/A,2433.1
7/1/04,#N/A N/A,2460.7
7/2/04,#N/A N/A,2453.4
7/5/04,#N/A N/A,2462.9
7/6/04,#N/A N/A,2452.3
7/7/04,#N/A N/A,2474.2
7/8/04,#N/A N/A,2441.4
7/9/04,2430.5,2430.5
7/13/04,2428.8,2428.8
7/14/04,#N/A N/A,2453.9
7/15/04,#N/A N/A,2422
7/16/04,#N/A N/A,2431.7
7/19/04,#N/A N/A,2430.7
7/20/04,#N/A N/A,2430.6
7/21/04,#N/A N/A,2459.1
7/22/04,#N/A N/A,2435.9
7/23/04,#N/A N/A,2428.4
7/26/04,#N/A N/A,2450.4
7/27/04,#N/A N/A,2464.6
7/28/04,#N/A N/A,2455.1
7/29/04,#N/A N/A,2469.5
7/30/04,#N/A N/A,2479.9
8/2/04,#N/A N/A,2436.5
8/3/04,#N/A N/A,2452.1
8/4/04,#N/A N/A,2460.1
8/5/04,#N/A N/A,2452.5
8/6/04,#N/A N/A,2433.5
8/9/04,#N/A N/A,2433.6
8/10/04,#N/A N/A,2434.1
8/11/04,#N/A N/A,2453.6
8/12/04,#N/A N/A,2476.5
8/13/04,#N/A N/A,2477.4
8/16/04,2493.6,2493.6
8/17/04,#N/A N/A,2546.4
8/18/04,#N/A N/A,2534.8
8/19/04,#N/A N/A,2527.8
8/23/04,#N/A N/A,2527.5
8/24/04,#N/A N/A,2546.7
8/25/04,#N/A N/A,2533.3
8/26/04,#N/A N/A,2543.9
8/27/04,#N/A N/A,2557
8/30/04,#N/A N/A,2556.3
8/31/04,#N/A N/A,2568.6
9/1/04,#N/A N/A,2594.4
9/2/04,#N/A N/A,2607.8
9/3/04,#N/A N/A,2596.5
9/6/04,#N/A N/A,2619.4
9/7/04,#N/A N/A,2588.2
9/8/04,#N/A N/A,2537.5
9/9/04,#N/A N/A,2526.5
9/10/04,#N/A N/A,2516.2
9/13/04,#N/A N/A,2547.8
9/14/04,2600.2,2600.2
9/15/04,#N/A N/A,2566.3
9/16/04,#N/A N/A,2600
9/17/04,#N/A N/A,2645.9
9/20/04,#N/A N/A,2651.4
9/21/04,#N/A N/A,2656.8
9/22/04,#N/A N/A,2648.1
9/23/04,#N/A N/A,2667.9
9/24/04,#N/A N/A,2651.3
9/27/04,#N/A N/A,2662.3
9/28/04,#N/A N/A,2672.2
9/29/04,#N/A N/A,2681.3
9/30/04,#N/A N/A,2711.4
10/1/04,#N/A N/A,2701.1
10/4/04,#N/A N/A,2726.3
10/5/04,#N/A N/A,2769.2
10/6/04,#N/A N/A,2757.9
10/7/04,#N/A N/A,2802.6
10/8/04,#N/A N/A,2795
10/11/04,#N/A N/A,2801.9
10/12/04,#N/A N/A,2774.5
10/13/04,2741,2741
10/14/04,#N/A N/A,2739.4
10/15/04,#N/A N/A,2747.4
10/18/04,#N/A N/A,2748.5
10/19/04,#N/A N/A,2788.1
10/20/04,#N/A N/A,2771.7
10/21/04,#N/A N/A,2742.8
10/22/04,#N/A N/A,2767.7
10/25/04,#N/A N/A,2712.6
10/27/04,#N/A N/A,2782.9
10/28/04,#N/A N/A,2787
10/29/04,#N/A N/A,2815.5
11/2/04,#N/A N/A,2846.9
11/3/04,#N/A N/A,2816.2
11/4/04,#N/A N/A,2863.2
11/5/04,#N/A N/A,2900.2
11/8/04,#N/A N/A,2885.8
11/9/04,#N/A N/A,2924.1
11/10/04,#N/A N/A,3010.2
11/11/04,#N/A N/A,3028
11/12/04,#N/A N/A,3004.8
11/15/04,2961.3,2961.3
11/16/04,2937.9,2937.9
11/17/04,#N/A N/A,2947.4
11/18/04,#N/A N/A,2956
11/19/04,#N/A N/A,2969.5
11/22/04,#N/A N/A,2966.4
11/23/04,#N/A N/A,3010.9
11/24/04,#N/A N/A,2989.3
11/25/04,#N/A N/A,2996.6
11/26/04,#N/A N/A,2982.8
11/29/04,#N/A N/A,2981.4
11/30/04,#N/A N/A,2997.8
12/1/04,#N/A N/A,3031.7
12/2/04,#N/A N/A,3039.5
12/3/04,#N/A N/A,3033
12/6/04,#N/A N/A,3033.4
12/7/04,#N/A N/A,3045.1
12/9/04,#N/A N/A,3014.6
12/10/04,#N/A N/A,2958.1
12/13/04,2958.1,2958.1
12/14/04,3055.3,3055.3
12/15/04,#N/A N/A,3070.6
12/16/04,#N/A N/A,3122
12/17/04,#N/A N/A,3137.8
12/20/04,#N/A N/A,3148.3
12/21/04,#N/A N/A,3126.2
12/22/04,3092.9,3092.9
12/23/04,#N/A N/A,3032.2
12/27/04,#N/A N/A,3059.1
12/28/04,#N/A N/A,3075.8
12/29/04,#N/A N/A,3115.1
12/30/04,#N/A N/A,3122.9
1/3/05,#N/A N/A,3134.5
1/4/05,#N/A N/A,3166.2
1/5/05,#N/A N/A,3142.4
1/7/05,#N/A N/A,3112
1/10/05,#N/A N/A,3087.1
1/11/05,#N/A N/A,3158.5
1/12/05,#N/A N/A,3176
1/13/05,#N/A N/A,3184.6
1/14/05,#N/A N/A,3213.8
1/17/05,#N/A N/A,3264.9
1/18/05,#N/A N/A,3206.3
1/19/05,#N/A N/A,3198.2
1/21/05,#N/A N/A,3204.4
1/24/05,#N/A N/A,3204.8
1/25/05,#N/A N/A,3214.6
1/26/05,#N/A N/A,3234.8
1/27/05,#N/A N/A,3286.3
1/28/05,#N/A N/A,3312.7
1/31/05,#N/A N/A,3281.8
2/1/05,#N/A N/A,3272.9
2/2/05,#N/A N/A,3286.8
2/3/05,#N/A N/A,3366
2/4/05,#N/A N/A,3430.1
2/7/05,#N/A N/A,3480.8
2/8/05,#N/A N/A,3480.1
2/9/05,#N/A N/A,3497.1
2/10/05,#N/A N/A,3483
2/11/05,#N/A N/A,3476.2
2/14/05,#N/A N/A,3503
2/15/05,3500.8,3502.1
2/16/05,#N/A N/A,3663.8
2/17/05,#N/A N/A,3704.1
2/18/05,#N/A N/A,3665.6
2/21/05,#N/A N/A,3716.1
2/22/05,#N/A N/A,3768.1
2/23/05,3740,3740
2/24/05,#N/A N/A,3721.3
2/25/05,#N/A N/A,3881.5
2/28/05,#N/A N/A,3902.2
3/1/05,#N/A N/A,3950
3/2/05,3859.5,3859.1
3/3/05,#N/A N/A,3764.6
3/4/05,#N/A N/A,3839.5
3/7/05,3945,3945
3/8/05,#N/A N/A,3928.3
3/9/05,#N/A N/A,3911.9
3/10/05,3824.4,3822
3/11/05,#N/A N/A,3788.7
3/16/05,3674,3529.7
3/17/05,#N/A N/A,3518.6
3/18/05,#N/A N/A,3549.9
3/21/05,#N/A N/A,3475.7
3/22/05,#N/A N/A,3598.1
3/23/05,3516,3516
3/24/05,#N/A N/A,3517
3/29/05,#N/A N/A,3516.8
3/30/05,#N/A N/A,3512.5
3/31/05,#N/A N/A,3577.3
4/1/05,#N/A N/A,3634.9
4/4/05,3623.5,3623.5
4/5/05,#N/A N/A,3666.4
4/6/05,#N/A N/A,3697.8
4/7/05,#N/A N/A,3686.3
4/8/05,#N/A N/A,3661.6
4/11/05,#N/A N/A,3613.1
4/12/05,#N/A N/A,3654.5
4/13/05,#N/A N/A,3664.8
4/14/05,#N/A N/A,3633.6
4/15/05,#N/A N/A,3581.6
4/18/05,#N/A N/A,3468.7
4/19/05,#N/A N/A,3452.8
4/20/05,#N/A N/A,3464.5
4/21/05,#N/A N/A,3397.5
4/22/05,#N/A N/A,3427.4
4/25/05,#N/A N/A,3514.5
4/26/05,#N/A N/A,3513.7
4/27/05,#N/A N/A,3449.9
4/28/05,#N/A N/A,3369.2
4/29/05,3339.8,3339.8
5/2/05,#N/A N/A,3376.5
5/3/05,#N/A N/A,3381.2
5/4/05,#N/A N/A,3378.7
5/6/05,#N/A N/A,3420.7
5/9/05,#N/A N/A,3391.1
5/10/05,#N/A N/A,3343.5
5/11/05,#N/A N/A,3303.5
5/12/05,#N/A N/A,3264.1
5/13/05,3204.6,3204.6
5/17/05,3141.8,3134
5/18/05,3293.1,3261.3
5/19/05,#N/A N/A,3262.5
5/20/05,3281.1,3281.1
5/23/05,#N/A N/A,3273.2
5/24/05,#N/A N/A,3309.6
5/25/05,#N/A N/A,3282.7
5/27/05,#N/A N/A,3349.5
5/30/05,#N/A N/A,3355.1
5/31/05,#N/A N/A,3342.4
6/1/05,3390,3390
6/2/05,3435,3435
6/3/05,3476,3476
6/6/05,#N/A N/A,3571.2
6/7/05,#N/A N/A,3575.8
6/8/05,#N/A N/A,3529.8
6/9/05,#N/A N/A,3501
6/10/05,3557.3,3557.3
6/13/05,3617,3617.7
6/14/05,3678,3687.9
6/15/05,3621.4,3663.5
6/16/05,#N/A N/A,3736.9
6/17/05,3729,3732.2
6/20/05,#N/A N/A,3736.8
6/21/05,#N/A N/A,3749.4
6/22/05,3729,3741.8
6/23/05,#N/A N/A,3711.9
6/24/05,3668,3668
6/27/05,3669.6,3669.6
6/28/05,3689.5,3699.4
6/29/05,#N/A N/A,3739.3
6/30/05,3810,3807.4
7/1/05,#N/A N/A,3829.4
7/4/05,3807.4,3817.8
7/5/05,3855,3855
7/6/05,3926.9,3926.1
7/7/05,#N/A N/A,3877.2
7/8/05,3920.5,3920.5
7/11/05,3883.7,3889
7/12/05,3911.3,3911.3
7/13/05,3920.4,3964.2
7/14/05,3967,3964.7
7/15/05,3993,3983.3
7/18/05,#N/A N/A,3935.4
7/19/05,#N/A N/A,4011.9
7/20/05,#N/A N/A,4025.2
7/21/05,4008.1,4008.1
7/22/05,#N/A N/A,4001.2
7/25/05,#N/A N/A,4070
7/26/05,4087.3,4088.2
7/27/05,#N/A N/A,4141.3
7/28/05,4166.8,4172.8
8/1/05,#N/A N/A,4235.3
8/2/05,#N/A N/A,4292.7
8/3/05,#N/A N/A,4230.6
8/4/05,#N/A N/A,4241.7
8/5/05,#N/A N/A,4219.5
8/8/05,#N/A N/A,4271.6
8/9/05,#N/A N/A,4259.9
8/10/05,#N/A N/A,4194.3
8/11/05,4215.6,4215.6
8/12/05,#N/A N/A,4094.8
8/16/05,4175,4152.8
8/17/05,#N/A N/A,4209.6
8/18/05,#N/A N/A,4200.2
8/19/05,#N/A N/A,4127.5
8/22/05,#N/A N/A,4175.4
8/23/05,#N/A N/A,4193
8/24/05,#N/A N/A,4243.6
8/25/05,#N/A N/A,4215.2
8/26/05,#N/A N/A,4265.9
8/29/05,#N/A N/A,4270.3
8/30/05,#N/A N/A,4380.2
8/31/05,4392.1,4392.1
9/1/05,4436,4436
9/2/05,#N/A N/A,4541.4
9/5/05,#N/A N/A,4448.2
9/6/05,#N/A N/A,4436.2
9/7/05,#N/A N/A,4425.1
9/8/05,4380.5,4380.5
9/9/05,#N/A N/A,4578.8
9/12/05,4640,4605.1
9/13/05,4720,4720
9/14/05,4530,4538.4
9/15/05,#N/A N/A,4665.9
9/16/05,4716.9,4716.9
9/19/05,#N/A N/A,4691.5
9/20/05,#N/A N/A,4649.8
9/21/05,#N/A N/A,4612.1
9/22/05,#N/A N/A,4626.9
9/23/05,#N/A N/A,4515.9
9/26/05,#N/A N/A,4589.8
9/27/05,#N/A N/A,4729.2
9/28/05,#N/A N/A,4613.8
9/29/05,#N/A N/A,4644.9
9/30/05,#N/A N/A,4585.6
10/3/05,#N/A N/A,4654.1
10/4/05,#N/A N/A,4725.9
10/5/05,#N/A N/A,4635
10/6/05,#N/A N/A,4460.4
10/7/05,#N/A N/A,4403.3
10/10/05,#N/A N/A,4437.9
10/11/05,#N/A N/A,4460.9
10/12/05,#N/A N/A,4407.2
10/13/05,#N/A N/A,4152.6
10/14/05,#N/A N/A,4042.4
10/17/05,#N/A N/A,4124.3
10/18/05,#N/A N/A,4052.9
10/19/05,#N/A N/A,3888.7
10/20/05,#N/A N/A,3975.1
10/21/05,3858,3858
10/24/05,3873,3873
10/25/05,4010,4010
10/27/05,#N/A N/A,4037.3
10/28/05,#N/A N/A,4092.5
11/2/05,#N/A N/A,4235
11/3/05,#N/A N/A,4348.1
11/4/05,4326.4,4326.4
11/7/05,#N/A N/A,4366.1
11/8/05,4379.6,4379.6
11/9/05,#N/A N/A,4217.8
11/10/05,#N/A N/A,4142.4
11/11/05,#N/A N/A,4074.4
11/14/05,4067.7,4067.7
11/15/05,#N/A N/A,4077
11/16/05,#N/A N/A,4184
11/17/05,#N/A N/A,4166.5
11/18/05,#N/A N/A,4168
11/21/05,4142.2,4142.2
11/22/05,#N/A N/A,4101
11/23/05,#N/A N/A,4121.9
11/24/05,#N/A N/A,4219.4
11/25/05,#N/A N/A,4297.5
11/28/05,#N/A N/A,4329.9
11/29/05,#N/A N/A,4265.3
11/30/05,#N/A N/A,4199.2
12/1/05,#N/A N/A,4226.6
12/2/05,#N/A N/A,4317.1
12/5/05,#N/A N/A,4255.4
12/6/05,#N/A N/A,4112.9
12/7/05,#N/A N/A,4167.1
12/9/05,4050,4050
12/12/05,#N/A N/A,4146.3
12/13/05,4200,4199.7
12/14/05,#N/A N/A,4128.2
12/15/05,#N/A N/A,4154.3
12/16/05,#N/A N/A,4181.6
12/19/05,4206.8,4206.8
12/20/05,4241,4241
12/21/05,4236.2,4236.2
12/22/05,4132.1,4132.1
12/23/05,4162.5,4162.5
12/27/05,4188.9,4188.9
12/28/05,4133.3,4133.3
12/29/05,4157,4157
1/2/06,4191.1,4191.1
1/3/06,4255.2,4255.2
1/4/06,4371.3,4371.3
1/5/06,4379.5,4379.5
1/9/06,4531.3,4531.3
1/10/06,4487.6,4487.6
1/11/06,#N/A N/A,4518.4
1/12/06,#N/A N/A,4503.9
1/13/06,4452.2,4452.2
1/16/06,4488.5,4488.5
1/17/06,4474.4,4474.4
1/18/06,4409.6,4409.6
1/19/06,4489.2,4489.2
1/20/06,#N/A N/A,4558.1
1/23/06,4553.7,4553.7
1/24/06,4514.5,4514.5
1/25/06,4493.1,4493.1
1/26/06,4408.4,4408.4
1/27/06,#N/A N/A,4504.9
1/30/06,4470.6,4470.6
1/31/06,#N/A N/A,4429.2
2/1/06,4476.2,4476.2
2/2/06,#N/A N/A,4526
2/3/06,#N/A N/A,4455.2
2/6/06,#N/A N/A,4464.2
2/7/06,4475,4475
2/8/06,#N/A N/A,4433.5
2/9/06,4513.5,4513.5
2/10/06,#N/A N/A,4490.1
2/13/06,4514,4514
2/14/06,4379,4379
2/15/06,#N/A N/A,4409.1
2/16/06,#N/A N/A,4394.2
2/17/06,#N/A N/A,4597.1
2/20/06,4621.8,4621.8
2/21/06,4651,4651
2/22/06,4610,4610
2/23/06,4624.9,4624.9
2/24/06,#N/A N/A,4674.4
2/27/06,#N/A N/A,4759.2
2/28/06,#N/A N/A,4577.6
3/1/06,4632.7,4632.7
3/2/06,#N/A N/A,4612
3/3/06,#N/A N/A,4609.4
3/6/06,#N/A N/A,4565.1
3/7/06,#N/A N/A,4462.3
3/8/06,4484,4484
3/9/06,#N/A N/A,4344.8
3/10/06,#N/A N/A,4234.2
3/13/06,4224.5,4224.5
3/14/06,#N/A N/A,4135.4
3/16/06,4118,4078
3/17/06,#N/A N/A,4439.7
3/20/06,4337.5,4337.5
3/21/06,#N/A N/A,4333.6
3/22/06,#N/A N/A,4254.7
3/23/06,#N/A N/A,4281.3
3/24/06,#N/A N/A,4297.6
3/27/06,#N/A N/A,4324.6
3/28/06,#N/A N/A,4301.7
3/29/06,#N/A N/A,4302.8
3/30/06,4344,4344
3/31/06,#N/A N/A,4394.2
4/3/06,#N/A N/A,4396.2
4/4/06,#N/A N/A,4372.9
4/5/06,#N/A N/A,4320
4/6/06,#N/A N/A,4389.5
4/7/06,#N/A N/A,4421.5
4/10/06,#N/A N/A,4449.4
4/11/06,4408,4408
4/12/06,#N/A N/A,4527.9
4/13/06,#N/A N/A,4495.9
4/18/06,#N/A N/A,4503.6
4/19/06,#N/A N/A,4579.1
4/20/06,#N/A N/A,4689.6
4/21/06,#N/A N/A,4670.3
4/24/06,#N/A N/A,4736
4/25/06,#N/A N/A,4626.3
4/26/06,#N/A N/A,4634.7
4/27/06,#N/A N/A,4572.3
4/28/06,#N/A N/A,4600
5/2/06,#N/A N/A,4643.8
5/3/06,#N/A N/A,4751.8
5/19/06,#N/A N/A,4069.8
5/22/06,#N/A N/A,3881.4
5/23/06,#N/A N/A,3998.6
5/24/06,#N/A N/A,3840.8
5/26/06,#N/A N/A,4073.2
5/29/06,#N/A N/A,4157.3
5/30/06,#N/A N/A,4027.4
5/31/06,#N/A N/A,3910.3
6/1/06,#N/A N/A,3983.5
6/2/06,#N/A N/A,4077.3
6/6/06,4001.7,3950.4
6/7/06,3930,3886.7
6/8/06,#N/A N/A,3754
6/9/06,#N/A N/A,3724.3
6/12/06,3580,3599.7
6/13/06,3377.8,3429.3
6/14/06,#N/A N/A,3360.1
6/16/06,#N/A N/A,3274.9
6/19/06,#N/A N/A,3301
6/20/06,#N/A N/A,3303
6/21/06,#N/A N/A,3353.3
6/22/06,#N/A N/A,3458.3
6/23/06,#N/A N/A,3377.8
6/26/06,#N/A N/A,3322.4
6/27/06,#N/A N/A,3435
6/28/06,#N/A N/A,3501.6
6/29/06,#N/A N/A,3489.7
6/30/06,3679,3694.1
7/3/06,3732,3746
7/4/06,#N/A N/A,3833.6
7/5/06,3770,3771.5
7/6/06,#N/A N/A,3810.6
7/7/06,#N/A N/A,3891
7/10/06,#N/A N/A,3931.5
7/11/06,3971,3931.1
7/12/06,3938.1,3949.6
7/13/06,#N/A N/A,3826.9
7/14/06,#N/A N/A,3748.7
7/17/06,#N/A N/A,3659.7
7/18/06,3690,3693.8
7/19/06,3689.9,3710.8
7/20/06,3855,3835.9
7/21/06,#N/A N/A,3796.3
7/24/06,#N/A N/A,3886.3
7/25/06,#N/A N/A,3944.3
7/26/06,#N/A N/A,3986.5
7/27/06,#N/A N/A,4060.7
7/28/06,#N/A N/A,4027
7/31/06,#N/A N/A,4095.7
8/1/06,#N/A N/A,4061.5
8/2/06,4041,4042
8/3/06,#N/A N/A,3988.6
8/4/06,#N/A N/A,4051.8
8/7/06,#N/A N/A,4068.8
8/8/06,#N/A N/A,4045.6
8/9/06,#N/A N/A,4031.2
8/10/06,3915.7,3894.9
8/11/06,#N/A N/A,3892.4
8/14/06,#N/A N/A,3865.7
8/16/06,3919.2,3912
8/17/06,#N/A N/A,3936.5
8/18/06,3863.7,3843.7
8/21/06,3826.2,3839.5
8/22/06,#N/A N/A,3922.4
8/23/06,#N/A N/A,3917.2
8/24/06,3894.2,3895.7
8/25/06,#N/A N/A,3916.3
8/28/06,#N/A N/A,3874.7
8/29/06,#N/A N/A,3911.4
8/30/06,#N/A N/A,3981.8
8/31/06,#N/A N/A,3924.2
9/1/06,#N/A N/A,3945.9
9/4/06,#N/A N/A,4073.4
9/5/06,#N/A N/A,4100.5
9/6/06,#N/A N/A,4052.6
9/7/06,#N/A N/A,3933.8
9/8/06,#N/A N/A,3926.3
9/11/06,3905,3896.6
9/12/06,#N/A N/A,4001.4
9/13/06,4061.6,4087.5
9/14/06,#N/A N/A,4142.8
9/15/06,#N/A N/A,4128.8
9/18/06,#N/A N/A,4205.3
9/19/06,4174.6,4165.6
9/20/06,#N/A N/A,4033.1
9/21/06,#N/A N/A,3938.7
9/22/06,3842.1,3816.9
9/25/06,#N/A N/A,3855.4
9/26/06,#N/A N/A,4009.6
9/27/06,#N/A N/A,4041.9
9/28/06,#N/A N/A,3994.2
9/29/06,#N/A N/A,3962
10/2/06,#N/A N/A,3915.6
10/3/06,#N/A N/A,3868.7
10/4/06,#N/A N/A,3973.4
10/5/06,#N/A N/A,3981.5
10/6/06,4034.9,4034.9
10/9/06,#N/A N/A,4047.4
10/10/06,#N/A N/A,4132.5
10/11/06,#N/A N/A,4171.5
10/12/06,#N/A N/A,4173.6
10/13/06,4228.5,4228.5
10/16/06,#N/A N/A,4191.3
10/17/06,#N/A N/A,4117
10/18/06,#N/A N/A,4182.9
10/19/06,#N/A N/A,4222.1
10/20/06,#N/A N/A,4196
10/24/06,#N/A N/A,4172.4
10/25/06,#N/A N/A,4221.1
10/27/06,#N/A N/A,4266.9
10/30/06,#N/A N/A,4182.5
10/31/06,#N/A N/A,4201.8
11/2/06,#N/A N/A,4127.5
11/3/06,#N/A N/A,4148.9
11/6/06,#N/A N/A,4252.9
11/7/06,#N/A N/A,4279.6
11/8/06,#N/A N/A,4296.5
11/9/06,#N/A N/A,4411.5
11/10/06,#N/A N/A,4385.9
11/13/06,#N/A N/A,4417.4
11/14/06,#N/A N/A,4425.7
11/15/06,#N/A N/A,4402.9
11/16/06,4462.5,4486.5
11/17/06,#N/A N/A,4398.2
11/20/06,#N/A N/A,4403
11/21/06,#N/A N/A,4471.8
11/22/06,#N/A N/A,4458.4
11/23/06,4468,4468
11/24/06,#N/A N/A,4390.8
11/27/06,#N/A N/A,4414.5
11/28/06,#N/A N/A,4350
11/29/06,#N/A N/A,4423.1
11/30/06,#N/A N/A,4382.8
12/1/06,4395,4362
12/4/06,#N/A N/A,4392.5
12/5/06,#N/A N/A,4522.5
12/6/06,#N/A N/A,4488.1
12/7/06,#N/A N/A,4538.3
12/11/06,4466.6,4522.2
12/12/06,#N/A N/A,4616.2
12/13/06,4565.2,4546.8
12/14/06,4568.6,4604.9
12/15/06,#N/A N/A,4691.8
12/18/06,#N/A N/A,4723.5
12/19/06,#N/A N/A,4608.4
12/20/06,#N/A N/A,4682
12/21/06,#N/A N/A,4721.4
12/22/06,#N/A N/A,4668
12/27/06,#N/A N/A,4705.5
12/28/06,#N/A N/A,4782.6
1/2/07,#N/A N/A,4791.4
1/3/07,#N/A N/A,4786.5
1/4/07,#N/A N/A,4696.4
1/5/07,#N/A N/A,4623.9
1/8/07,#N/A N/A,4591.1
1/9/07,#N/A N/A,4538.4
1/10/07,#N/A N/A,4431.7
1/11/07,#N/A N/A,4532.9
1/12/07,#N/A N/A,4591.9
1/15/07,#N/A N/A,4662.2
1/16/07,#N/A N/A,4658.9
1/17/07,#N/A N/A,4600.7
1/18/07,#N/A N/A,4644.4
1/19/07,#N/A N/A,4626.1
1/22/07,#N/A N/A,4657.9
1/23/07,#N/A N/A,4588.4
1/24/07,#N/A N/A,4586
1/25/07,#N/A N/A,4544.1
1/26/07,#N/A N/A,4473.7
1/29/07,#N/A N/A,4433.4
1/30/07,#N/A N/A,4449.5
1/31/07,#N/A N/A,4524.9
2/1/07,#N/A N/A,4540.2
2/2/07,#N/A N/A,4545
2/5/07,#N/A N/A,4574.9
2/6/07,#N/A N/A,4585.1
2/7/07,#N/A N/A,4562.9
2/8/07,#N/A N/A,4478
2/9/07,#N/A N/A,4544.6
2/12/07,#N/A N/A,4490.7
2/13/07,#N/A N/A,4519.6
2/14/07,4536.7,4566.8
2/15/07,#N/A N/A,4577.7
2/16/07,#N/A N/A,4618.6
2/19/07,#N/A N/A,4606.2
2/20/07,#N/A N/A,4553
2/21/07,#N/A N/A,4564.6
2/22/07,#N/A N/A,4572.2
2/23/07,#N/A N/A,4586
2/26/07,#N/A N/A,4588.7
2/27/07,#N/A N/A,4455.5
2/28/07,#N/A N/A,4380.2
3/1/07,#N/A N/A,4353.6
3/2/07,#N/A N/A,4365
3/5/07,#N/A N/A,4296.5
3/6/07,#N/A N/A,4308
3/7/07,#N/A N/A,4271.3
3/8/07,#N/A N/A,4370.6
3/9/07,#N/A N/A,4393.1
3/12/07,#N/A N/A,4376
3/13/07,#N/A N/A,4393
3/14/07,4244.2,4284.7
3/19/07,#N/A N/A,4567.3
3/20/07,#N/A N/A,4415.3
3/21/07,#N/A N/A,4364.6
3/22/07,4450,4442.2
3/23/07,4490.6,4490.6
3/26/07,#N/A N/A,4371.8
3/27/07,#N/A N/A,4389.6
3/28/07,#N/A N/A,4301.6
3/29/07,#N/A N/A,4334.4
3/30/07,#N/A N/A,4340.2
4/2/07,#N/A N/A,4375.8
4/3/07,#N/A N/A,4435.1
4/4/07,#N/A N/A,4473.8
4/5/07,#N/A N/A,4500
4/10/07,#N/A N/A,4562.2
4/11/07,#N/A N/A,4623.9
4/12/07,4662,4669.4
4/13/07,#N/A N/A,4658.6
4/16/07,#N/A N/A,4734.7
4/17/07,#N/A N/A,4690.2
4/18/07,#N/A N/A,4731.3
4/19/07,#N/A N/A,4783.1
4/20/07,#N/A N/A,4874.4
4/23/07,#N/A N/A,4844
4/24/07,#N/A N/A,4810.2
4/25/07,#N/A N/A,4812.6
4/26/07,#N/A N/A,4779.3
4/27/07,#N/A N/A,4771.4
5/2/07,#N/A N/A,4756.5
5/3/07,#N/A N/A,4753.6
5/4/07,#N/A N/A,4804.7
5/7/07,#N/A N/A,4846.6
5/8/07,#N/A N/A,4760.6
5/9/07,#N/A N/A,4782.9
5/10/07,4939,4810.7
5/11/07,#N/A N/A,4771
5/14/07,#N/A N/A,4814.4
5/15/07,4727.3,4741.7
5/16/07,#N/A N/A,4664.8
5/18/07,#N/A N/A,4710.1
5/21/07,#N/A N/A,4715.6
5/22/07,#N/A N/A,4744.9
5/23/07,#N/A N/A,4775.2
5/24/07,#N/A N/A,4717.3
5/25/07,#N/A N/A,4709
5/29/07,#N/A N/A,4731
5/30/07,#N/A N/A,4714.8
5/31/07,#N/A N/A,4846.8
6/1/07,4727.3,4905.7
6/4/07,4727.3,4853.5
6/5/07,4727.3,4842.3
6/6/07,4727.3,4766.4
6/8/07,4727.3,4660.8
6/11/07,4727.3,4712.8
6/12/07,4692.9,4692
6/13/07,4674,4742.9
6/14/07,4674,4801.3
6/15/07,4674,4807.4
7/23/07,5386.8,5446
7/24/07,5386.8,5357.8
7/25/07,5386.8,5279.1
7/26/07,5386.8,5156.1
7/27/07,5386.8,5106.6
7/30/07,5386.8,5071.3
7/31/07,5386.8,5176.9
8/1/07,5386.8,5112
8/2/07,5386.8,5151.7
8/3/07,5386.8,5047.6
8/6/07,5386.8,4964.3
8/7/07,5386.8,5037.7
8/8/07,5386.8,5114.1
8/9/07,5386.8,5014.3
8/10/07,5386.8,4866.5
8/13/07,5386.8,4937
8/14/07,5386.8,4816.5
8/16/07,5386.8,4504
8/17/07,5386.8,4427.4
8/21/07,4545,4458.4
8/22/07,4545,4611.9
8/23/07,4545,4673.3
8/24/07,4545,4682.3
8/27/07,4545,4746
8/28/07,4545,4678
8/29/07,4545,4672.9
8/30/07,4545,4775.5
8/31/07,4831.3,4854.9
9/3/07,4831.3,4782.9
9/4/07,4831.3,4848.3
9/5/07,4831.3,4833.1
9/6/07,4831.3,4815.7
9/7/07,4831.3,4684.8
9/10/07,4831.3,4652.4
9/11/07,4831.3,4780.5
9/12/07,4831.3,4787
9/13/07,4831.3,4828.2
9/14/07,4831.3,4772.1
9/17/07,4831.3,4738
9/18/07,4831.3,4766.6
9/19/07,4831.3,4901.5
9/20/07,4831.3,4922.2
9/21/07,4831.3,4951.9
9/24/07,#N/A N/A,4978.2
9/25/07,#N/A N/A,5014.1
9/26/07,#N/A N/A,5023.2
9/27/07,#N/A N/A,5090.6
9/28/07,#N/A N/A,5112.6
10/1/07,#N/A N/A,5147.9
10/2/07,#N/A N/A,5065.9
10/3/07,#N/A N/A,5030.6
10/4/07,#N/A N/A,4994.5
10/5/07,#N/A N/A,5043.3
10/8/07,#N/A N/A,5053.9
10/9/07,#N/A N/A,5026.5
10/10/07,#N/A N/A,5030.8
10/11/07,#N/A N/A,5137.9
10/12/07,#N/A N/A,5113
10/15/07,#N/A N/A,5115.8
10/16/07,#N/A N/A,5039.8
10/17/07,#N/A N/A,5041.4
10/18/07,#N/A N/A,5030.2
10/19/07,#N/A N/A,5004.3
10/24/07,#N/A N/A,4918.8
10/25/07,#N/A N/A,4915.8
10/29/07,#N/A N/A,4909.9
10/30/07,#N/A N/A,4905.6
10/31/07,#N/A N/A,4916.6
11/5/07,#N/A N/A,4845.7
11/6/07,#N/A N/A,4863.1
11/7/07,#N/A N/A,4806
11/8/07,#N/A N/A,4766.8
11/9/07,4820.8,4834.6
11/12/07,4820.8,4705.5
11/13/07,4820.8,4716.8
11/14/07,4820.8,4703
11/15/07,4820.8,4820.8
11/16/07,4820.8,4734.4
11/19/07,4820.8,4669.1
11/20/07,4820.8,4630.9
11/21/07,4820.8,4485.3
11/22/07,4820.8,4431.4
11/23/07,4820.8,4463.7
11/26/07,4820.8,4410.1
11/27/07,4820.8,4248.3
11/28/07,4820.8,4427.4
11/29/07,4820.8,4553.5
11/30/07,4820.8,4618.7
12/3/07,4820.8,4553.8
12/4/07,4820.8,4553.9
12/5/07,4820.8,4658.5
12/6/07,4820.8,4682.3
12/7/07,4820.8,4759.8
12/10/07,4820.8,4809.3
12/11/07,4820.8,4790.1
12/12/07,4820.8,4805
12/13/07,4820.8,4763.1
12/14/07,4820.8,4758
12/17/07,4820.8,4614.4
12/18/07,4820.8,4670.4
12/19/07,4820.8,4623.3
12/20/07,4820.8,4584.9
12/21/07,4820.8,4594.8
12/27/07,#N/A N/A,4767.9
12/28/07,#N/A N/A,4733.6
1/2/08,#N/A N/A,4663.9
1/3/08,#N/A N/A,4671.9
1/4/08,#N/A N/A,4578.4
1/7/08,#N/A N/A,4599.3
1/8/08,#N/A N/A,4716
1/9/08,#N/A N/A,4633.9
1/10/08,#N/A N/A,4611.2
1/11/08,#N/A N/A,4547.5
1/14/08,#N/A N/A,4545.9
1/15/08,#N/A N/A,4460.7
1/16/08,#N/A N/A,4309.8
1/17/08,#N/A N/A,4235.9
1/18/08,#N/A N/A,4330.8
1/21/08,#N/A N/A,4152
1/22/08,#N/A N/A,4189.7
1/23/08,#N/A N/A,4087.6
1/24/08,#N/A N/A,4238.3
1/25/08,#N/A N/A,4238.2
1/28/08,#N/A N/A,4215.1
1/29/08,#N/A N/A,4219.6
1/30/08,#N/A N/A,4228.3
1/31/08,#N/A N/A,4181.8
2/1/08,#N/A N/A,4265.5
2/4/08,#N/A N/A,4292.5
2/5/08,#N/A N/A,4185.2
2/6/08,#N/A N/A,4074.6
2/7/08,#N/A N/A,3958.1
2/8/08,3968.2,3939.9
2/11/08,3923,4035.3
2/12/08,3923,4200.1
2/13/08,3923,4287.1
2/14/08,3923,4239.6
2/15/08,3923,3923
2/18/08,3923,4230.7
2/19/08,3923,4184.4
2/20/08,3923,4121
2/21/08,3923,4137.5
2/22/08,3923,4100.7
2/25/08,3923,4135.1
2/26/08,3923,4210.1
2/27/08,3923,4233.8
2/28/08,3923,4199.4
2/29/08,3923,4089
3/3/08,3923,3979.9
3/4/08,3923,3898.2
3/5/08,3923,4023.2
3/6/08,3923,3944.5
3/7/08,3923,3879.3
3/10/08,3923,3796
3/11/08,3923,3954.2
3/12/08,3923,4001.3
3/13/08,3923,3905.9
3/14/08,3923,3852.1
3/17/08,3923,3731.8
3/18/08,3923,3899.9
3/19/08,3920,3877.6
3/20/08,3920,3805.8
3/25/08,#N/A N/A,3807.3
3/26/08,#N/A N/A,3769.5
3/27/08,#N/A N/A,3835.6
3/28/08,#N/A N/A,3828.3
3/31/08,#N/A N/A,3715.5
4/1/08,#N/A N/A,3935.7
4/2/08,#N/A N/A,3804.7
4/3/08,#N/A N/A,3784.6
4/4/08,#N/A N/A,3800.2
4/7/08,#N/A N/A,3902.5
4/8/08,#N/A N/A,3883.3
4/9/08,#N/A N/A,3905.8
4/10/08,#N/A N/A,3933.6
4/11/08,#N/A N/A,3911.3
4/14/08,3878.5,3907
4/15/08,3878.5,3883.2
4/16/08,3878.5,3834.8
4/17/08,3878.5,3862.8
4/18/08,3878.5,3893.6
4/21/08,3878.5,3859.5
4/22/08,3878.5,3891.1
4/23/08,3923.7,3946.8
4/24/08,3923.7,3952.7
4/25/08,3923.7,3977.8
4/28/08,3923.7,4003.6
4/29/08,3923.7,3915.7
4/30/08,3923.7,3993.5
5/5/08,3923.7,4036
5/6/08,3923.7,4078
5/7/08,3923.7,4089.8
5/8/08,3923.7,4068.8
5/9/08,3923.7,4074.9
5/13/08,3923.7,4140.7
5/14/08,3923.7,4173.2
5/15/08,3923.7,4139.7
5/16/08,3923.7,4173.4
5/19/08,3923.7,4152.1
5/20/08,3923.7,4133.5
5/21/08,3923.7,4152.6
5/23/08,3923.7,4091.8
5/26/08,3923.7,4050.1
5/27/08,3923.7,4087.1
5/28/08,3923.7,4153.7
5/29/08,3923.7,4188.4
5/30/08,3923.7,4150.7
6/2/08,3923.7,4111.4
6/3/08,3923.7,4141
6/4/08,3923.7,4086.9
6/5/08,3923.7,4085.9
6/6/08,3923.7,3965.6
6/9/08,3923.7,3978.5
6/10/08,3923.7,3907.5
6/11/08,3923.7,3883.8
6/12/08,3923.7,3922
6/13/08,3923.7,3971.1
6/16/08,3923.7,3898.8
6/17/08,3923.7,3927.3
6/18/08,3923.7,3951.7
6/19/08,3923.7,3957
6/20/08,3923.7,3955.8
6/23/08,3938.4,3835.6
6/24/08,3938.4,3822.9
6/25/08,3938.4,3904.1
6/26/08,3938.4,3866.5
6/27/08,3938.4,3847.2
6/30/08,3938.4,3917.7
7/1/08,3938.4,3830
7/2/08,3938.4,3850.6
7/3/08,3938.4,3846.8
7/4/08,3938.4,3812.2
7/7/08,3938.4,3894.9
7/8/08,3938.4,3932
7/9/08,3938.4,4021.1
7/10/08,3938.4,3969.1
7/11/08,3938.4,3942.2
7/14/08,3938.4,3987.9
7/15/08,3938.4,3929.7
7/16/08,3938.4,3955.7
7/17/08,3938.4,4068.8
7/18/08,3938.4,4059.9
7/21/08,4208.8,4135.2
7/22/08,4208.8,4111.8
7/23/08,4208.8,4134.1
7/24/08,4208.8,4150.5
7/25/08,4208.8,4165.8
7/28/08,4208.8,4193.2
7/29/08,4208.8,4229.8
7/30/08,4208.8,4352.3
7/31/08,4208.8,4276.9
8/1/08,4208.8,4178.1
8/4/08,4208.8,4092
8/5/08,4208.8,4133.1
8/6/08,4208.8,4093.1
8/7/08,4208.8,4045.3
8/8/08,4208.8,3977.5
8/11/08,4208.8,3971.9
8/12/08,4208.8,3945.2
8/13/08,4208.8,3846.1
8/14/08,4208.8,3911.8
8/18/08,4032.2,4010
8/19/08,4032.2,3913
8/21/08,4032.2,3896
8/22/08,4032.2,3982.8
8/25/08,4032.2,3941.1
8/26/08,4032.2,3895.1
8/27/08,4032.2,3878.1
8/28/08,4032.2,3893.1
8/29/08,4032.2,4005.3
9/1/08,4032.2,3917.1
9/2/08,4032.2,3922.3
9/3/08,4032.2,3838.4
9/4/08,4032.2,3801
9/5/08,4032.2,3660.6
9/8/08,4032.2,3762.9
9/9/08,4032.2,3776.3
9/10/08,4032.2,3792.2
9/11/08,4032.2,3673.4
9/12/08,4032.2,3713.3
9/15/08,4032.2,3601.3
9/16/08,4032.2,3453.8
9/17/08,4032.2,3296.8
9/18/08,3216,3216
9/19/08,3216,3470.7
9/22/08,#N/A N/A,3584.7
9/23/08,#N/A N/A,3507.4
9/24/08,#N/A N/A,3551.8
9/25/08,#N/A N/A,3666.4
9/29/08,#N/A N/A,3562
9/30/08,#N/A N/A,3607.1
10/1/08,#N/A N/A,3627
10/2/08,#N/A N/A,3586
10/3/08,#N/A N/A,3608.7
10/6/08,#N/A N/A,3347.8
10/7/08,#N/A N/A,3300
10/8/08,#N/A N/A,3036.5
10/9/08,#N/A N/A,2778.8
10/10/08,#N/A N/A,2719.1
10/13/08,#N/A N/A,2891.3
10/14/08,3045,3123.6
10/15/08,3045,2604.1
10/16/08,3045,2385.8
10/17/08,3045,2330.1
10/20/08,3045,2278.6
10/21/08,3045,2169.2
10/22/08,3045,2052.9
10/27/08,3045,1932.5
10/28/08,3045,2162.4
10/29/08,3045,2499.3
10/30/08,3045,2494.5
10/31/08,3045,2534
11/3/08,3045,2594.6
11/4/08,3045,2721.3
11/5/08,3045,2649.1
11/6/08,3045,2377.2
11/7/08,3045,2331.9
11/10/08,3045,2341
11/11/08,3045,2187.5
11/12/08,3045,2099.5
11/13/08,3045,2095.9
11/14/08,3045,2132.9
11/17/08,3045,2092.5
11/18/08,3045,2061.8
11/19/08,3045,2042.3
11/20/08,3045,1918.2
11/21/08,1990,1948.3
11/24/08,1990,2152.5
11/25/08,2200,2182.7
11/26/08,2200,2190.6
11/27/08,2200,2237.8
11/28/08,2200,2343.4
12/1/08,2200,2267.9
12/2/08,2200,2285
12/3/08,2200,2302.9
12/4/08,2200,2342.8
12/5/08,2200,2237.6
12/9/08,2200,2322.8
12/10/08,2200,2314.9
12/11/08,2200,2296.2
12/12/08,2200,2157.3
12/15/08,2200,2110.6
12/16/08,2063.9,2078.3
12/17/08,2063.9,2267.5
12/18/08,2063.9,2258.9
12/19/08,2063.9,2290.7
12/22/08,#N/A N/A,2314.1
12/23/08,#N/A N/A,2254.4
12/29/08,#N/A N/A,2170.8
12/30/08,#N/A N/A,2185
1/5/09,#N/A N/A,2293.1
1/7/09,#N/A N/A,2300.1
1/8/09,#N/A N/A,2258.8
1/9/09,#N/A N/A,2147.1
1/12/09,#N/A N/A,2112.3
1/13/09,#N/A N/A,2150.1
1/14/09,#N/A N/A,2128.4
1/15/09,#N/A N/A,2055.4
1/16/09,#N/A N/A,2057
1/19/09,#N/A N/A,2004.7
1/20/09,#N/A N/A,1963.3
1/21/09,#N/A N/A,1978.1
1/22/09,#N/A N/A,1941
1/23/09,#N/A N/A,1916.2
1/26/09,#N/A N/A,1985.1
1/27/09,#N/A N/A,1932.9
1/28/09,#N/A N/A,1985.8
1/29/09,#N/A N/A,1927.2
1/30/09,#N/A N/A,1829
2/2/09,#N/A N/A,1869.3
2/3/09,#N/A N/A,1853.3
2/4/09,#N/A N/A,1896.6
2/5/09,#N/A N/A,1886.5
2/6/09,#N/A N/A,1938.5
2/9/09,#N/A N/A,1989.6
2/10/09,#N/A N/A,1958.8
2/11/09,#N/A N/A,1883.2
2/12/09,#N/A N/A,1866.7
2/13/09,#N/A N/A,1893.3
2/16/09,1794.2,1776.3
2/17/09,1794.2,1729.2
2/18/09,1794.2,1607.9
2/19/09,1794.2,1660.6
2/20/09,1794.2,1610.4
2/23/09,1794.2,1628.6
2/24/09,1794.2,1621
2/25/09,1794.2,1540.9
2/26/09,1794.2,1628.3
2/27/09,1794.2,1598.3
3/2/09,1794.2,1584.4
3/3/09,1794.2,1577.7
3/4/09,1794.2,1528.4
3/5/09,1794.2,1438
3/6/09,1794.2,1477.3
3/9/09,1794.2,1521.4
3/10/09,1794.2,1524
3/11/09,1794.2,1525.9
3/12/09,1794.2,1495.6
3/13/09,1794.2,1545.6
3/16/09,1794.2,1630.1
3/17/09,1794.2,1544
3/18/09,1794.2,1540
3/19/09,1794.2,1600.1
3/20/09,1794.2,1640.6
3/23/09,1624,1661.4
3/24/09,1624,1649
3/25/09,1624,1752.1
3/26/09,1624,1789.2
3/27/09,1624,1702.1
3/30/09,1624,1600.3
3/31/09,1624,1650.9
4/1/09,1624,1688.1
4/2/09,1624,1841
4/3/09,1624,1875
4/6/09,1624,1909.7
4/7/09,1624,1866.8
4/8/09,1624,1928.6
4/9/09,1624,2068.8
4/14/09,1624,1992.3
4/15/09,1624,1952.7
4/16/09,1624,2003.7
4/17/09,1624,1994.3
4/20/09,1624,1906.5
4/21/09,1624,1869
4/22/09,1624,1954.5
4/23/09,1624,1945.8
4/24/09,1624,1965
4/27/09,1624,1961.3
4/28/09,1624,1967
4/29/09,1624,2079.3
4/30/09,1624,2089.6
5/4/09,1624,2230.5
5/5/09,1624,2264.1
5/6/09,1624,2267.5
5/7/09,2355,2350.6
5/8/09,2355,2412.5
5/11/09,2355,2403.9
5/12/09,2355,2359
5/13/09,2355,2231.5
5/14/09,2355,2236.6
5/15/09,2355,2288.1
5/18/09,2355,2450.7
5/19/09,2355,2508.4
5/20/09,2355,2681.9
5/22/09,2355,2547.5
5/25/09,2590,2588.3
5/26/09,2590,2596.1
5/27/09,2590,2601.3
5/28/09,2590,2557.9
5/29/09,2590,2472.2
6/2/09,2590,2601.5
6/3/09,2590,2492.6
6/4/09,2590,2467.5
6/5/09,2590,2553
6/8/09,2590,2559.1
6/9/09,2590,2676.8
6/10/09,2590,2787.8
6/12/09,2590,2755.6
6/15/09,2590,2644.3
6/16/09,2590,2612.9
6/17/09,2590,2537.2
6/18/09,2504.4,2555.6
6/19/09,2504.4,2595.8
6/22/09,1998.9,2469.2
6/23/09,1998.9,2473
6/24/09,1998.9,2579.1
6/25/09,1998.9,2595
6/26/09,1998.9,2621.5
6/29/09,1998.9,2692.9
6/30/09,1998.9,2658.1
7/1/09,1998.9,2695.6
7/2/09,1998.9,2620.1
7/3/09,1998.9,2567.5
7/6/09,1998.9,2559.2
7/7/09,1998.9,2546
7/8/09,1998.9,2474.1
7/9/09,1998.9,2500.5
7/10/09,1998.9,2443.7
7/13/09,1998.9,2528.1
7/14/09,1998.9,2640.1
7/15/09,1998.9,2764.1
7/16/09,1998.9,2738.3
7/17/09,1998.9,2760.4
7/20/09,2269.2,2821.1
7/21/09,2269.2,2864.9
7/22/09,2269.2,2799.6
7/23/09,2269.2,2906.1
7/24/09,2269.2,2936.5
7/27/09,2269.2,2978.5
7/28/09,2269.2,2899.3
7/29/09,2269.2,2890.2
7/30/09,2269.2,3036.9
7/31/09,2269.2,3055.9
8/3/09,2269.2,3193.6
8/4/09,2269.2,3132
8/5/09,2269.2,3090.9
8/6/09,2269.2,3113
8/7/09,2269.2,3101.7
8/10/09,2269.2,3209.4
8/11/09,2269.2,3050.4
8/12/09,2269.2,3114.4
8/13/09,2269.2,3212.1
8/14/09,2269.2,3126.1
8/17/09,2269.2,3028.5
8/18/09,2269.2,3115.1
8/19/09,2269.2,3086.2
8/24/09,3114.3,3410.3
8/25/09,3114.3,3503.8
8/26/09,3114.3,3427.2
8/27/09,3114.3,3316
8/28/09,3114.3,3363.5
8/31/09,3114.3,3353
9/1/09,3114.3,3301.4
9/2/09,3114.3,3137.9
9/3/09,3114.3,3230.8
9/4/09,3114.3,3259.1
9/7/09,3114.3,3335.5
9/8/09,3114.3,3354.5
9/9/09,3114.3,3298.8
9/10/09,3114.3,3291.7
9/11/09,3114.3,3332.5
9/14/09,3114.3,3308.5
9/15/09,3332.8,3349.4
9/16/09,3332.8,3502.4
9/17/09,3332.8,3570.8
9/18/09,3332.8,3551.5
9/21/09,3575.9,3514
9/22/09,3575.9,3570.7
9/23/09,3575.9,3606.8
9/24/09,3575.9,3616.2
9/25/09,3575.9,3552.9
9/28/09,3575.9,3580.9
9/29/09,3575.9,3532.4
9/30/09,3575.9,3524.7
10/1/09,3575.9,3536.4
10/2/09,3575.9,3514.4
10/5/09,3575.9,3483.5
10/6/09,3575.9,3572.5
10/7/09,3575.9,3510.7
10/8/09,3575.9,3497.8
10/9/09,3575.9,3480.9
10/12/09,3575.9,3611.3
10/13/09,3575.9,3633.7
10/14/09,3575.9,3756.7
10/15/09,3575.9,3741.2
10/16/09,3736,3722.8
10/19/09,3736,3788
10/20/09,3736,3811.3
10/21/09,3736,3800.3
10/22/09,3736,3757.9
10/27/09,3736,3674.1
10/28/09,3736,3487.4
10/29/09,3736,3612.6
10/30/09,3736,3521.9
11/2/09,3736,3461.3
11/3/09,3736,3348.3
11/4/09,3736,3455.7
11/5/09,3736,3488.4
11/6/09,3736,3425.8
11/9/09,3736,3585.9
11/10/09,3736,3635.1
11/11/09,3736,3755.8
11/12/09,3736,3738
11/13/09,3736,3684.1
11/16/09,3736,3742.7
11/17/09,3736,3715.7
11/18/09,3736,3753
11/19/09,3736,3598
11/20/09,3736,3606.8
11/23/09,3736,3704.6
11/24/09,3736,3691.7
11/25/09,3736,3617
11/26/09,3736,3476
11/27/09,3736,3484
11/30/09,3736,3562.1
12/1/09,3736,3600.3
12/2/09,3736,3635.5
12/3/09,3736,3638.1
12/4/09,3736,3708.4
12/7/09,3736,3692.1
12/9/09,3736,3484
12/10/09,3736,3535.9
12/11/09,3736,3607.8
12/14/09,3736,3598.9
12/15/09,3736,3499.3
12/16/09,3486,3501
12/17/09,3486,3479.3
12/18/09,3486,3530.6
12/21/09,3514.7,3517.1
12/22/09,3514.7,3540.9
12/23/09,3514.7,3550.4
12/28/09,3514.7,3599.9
12/29/09,3514.7,3709.5
12/30/09,3514.7,3692.7
1/4/10,3514.7,3764.5
1/5/10,3514.7,3838.1
1/7/10,3514.7,3806.5
1/8/10,3514.7,3870.6
1/11/10,3514.7,4012.9
1/12/10,3514.7,3958.3
1/13/10,3514.7,3974.6
1/14/10,3514.7,4018.4
1/15/10,3514.7,3925
1/18/10,3514.7,3960.1
1/19/10,3514.7,3968.8
1/20/10,3514.7,3879.8
1/21/10,3514.7,3805.3
1/22/10,3514.7,3731.1
1/25/10,3514.7,3745.9
1/26/10,3514.7,3708.4
1/27/10,3514.7,3657.4
1/28/10,3514.7,3697.3
1/29/10,3692,3738.8
2/1/10,3692,3783.9
2/2/10,3692,3770.8
2/3/10,3692,3752.1
2/4/10,3692,3553.6
2/5/10,3692,3463.8
2/8/10,3495,3462
2/9/10,3495,3543.9
2/10/10,3495,3553
2/11/10,3495,3560.9
2/12/10,3633,3593.8
2/15/10,3633,3585.8
2/16/10,3633,3645.5
2/17/10,3633,3724.9
2/18/10,3676.7,3674.1
2/19/10,3676.7,3672.6
2/22/10,3676.7,3706.7
2/23/10,3680,3628.7
2/24/10,3680,3563.1
2/25/10,3680,3552.7
2/26/10,3680,3693.5
3/1/10,3680,3748.5
3/2/10,3680,3793.1
3/3/10,3757,3784.5
3/4/10,3757,3775.1
3/5/10,3757,3882.5
3/8/10,3757,3920.8
3/9/10,3757,3909.4
3/10/10,3757,3995.7
3/11/10,3757,3991.5
3/12/10,3757,4061.8
3/16/10,3757,4215.1
3/17/10,3757,4229.6
3/18/10,4162.6,4227.8
3/19/10,4162.6,4277.1
3/22/10,#N/A N/A,4103.8
3/23/10,#N/A N/A,4142.5
3/24/10,#N/A N/A,4199.8
3/25/10,#N/A N/A,4290.1
3/26/10,#N/A N/A,4204.1
3/29/10,#N/A N/A,4169.7
3/30/10,#N/A N/A,4146.4
3/31/10,#N/A N/A,4152.1
4/1/10,#N/A N/A,4270.9
4/6/10,#N/A N/A,4325.6
4/7/10,#N/A N/A,4312.3
4/8/10,#N/A N/A,4156.3
4/9/10,#N/A N/A,4285.8
4/12/10,4399.8,4327.6
4/13/10,4399.8,4288.3
4/14/10,4399.8,4349.8
4/15/10,4399.8,4318.5
4/16/10,4399.8,4245.9
4/19/10,4399.8,4090
4/20/10,4399.8,4086.3
4/21/10,4399.8,4146.5
4/22/10,4399.8,4096.1
4/23/10,4399.8,4216.4
4/26/10,4399.8,4399.8
4/27/10,4399.8,4227.1
4/28/10,4399.8,4110.8
4/29/10,4399.8,4212.1
4/30/10,4399.8,4201.6
5/3/10,4399.8,4142.5
5/4/10,4399.8,3906.6
5/5/10,#N/A N/A,3797.9
5/6/10,#N/A N/A,3706.4
5/7/10,#N/A N/A,3470.5
5/10/10,#N/A N/A,3955.6
5/11/10,#N/A N/A,3845.3
5/12/10,4399.8,3919.1
5/14/10,#N/A N/A,3836.7
5/17/10,#N/A N/A,3791.7
5/18/10,#N/A N/A,3836.8
5/19/10,#N/A N/A,3669.5
5/20/10,#N/A N/A,3545.2
5/21/10,#N/A N/A,3557.2
5/25/10,#N/A N/A,3391.4
5/26/10,#N/A N/A,3453.4
5/27/10,#N/A N/A,3652.9
5/28/10,#N/A N/A,3651.7
5/31/10,#N/A N/A,3681.6
6/1/10,#N/A N/A,3629.8
6/2/10,#N/A N/A,3716.6
6/4/10,#N/A N/A,3487.7
6/7/10,#N/A N/A,3454
6/8/10,#N/A N/A,3442.1
6/9/10,#N/A N/A,3451.9
6/10/10,#N/A N/A,3516.2
6/11/10,#N/A N/A,3495.2
6/14/10,#N/A N/A,3547.3
6/15/10,#N/A N/A,3546.9
6/16/10,#N/A N/A,3532.1
6/17/10,#N/A N/A,3497.5
6/18/10,#N/A N/A,3528.8
6/21/10,#N/A N/A,3621.3
6/22/10,#N/A N/A,3585.8
6/23/10,#N/A N/A,3523.4
6/24/10,#N/A N/A,3460.6
6/25/10,#N/A N/A,3377.8
6/28/10,#N/A N/A,3353.6
6/29/10,#N/A N/A,3307.5
6/30/10,#N/A N/A,3396.2
7/1/10,#N/A N/A,3336.6
7/2/10,#N/A N/A,3399.3
7/5/10,#N/A N/A,3403.1
7/6/10,#N/A N/A,3484.7
7/7/10,#N/A N/A,3522
7/8/10,#N/A N/A,3712.3
7/9/10,#N/A N/A,3720.6
7/12/10,#N/A N/A,3717.2
7/13/10,#N/A N/A,3757.3
7/14/10,#N/A N/A,3788.7
7/15/10,0,3747.2
7/16/10,#N/A N/A,3681.7
7/19/10,#N/A N/A,3458.7
7/20/10,#N/A N/A,3517.1
7/21/10,#N/A N/A,3613.8
7/22/10,#N/A N/A,3614.2
7/23/10,#N/A N/A,3514.3
7/26/10,#N/A N/A,3561.4
7/27/10,#N/A N/A,3684.9
7/28/10,#N/A N/A,3668.5
7/29/10,#N/A N/A,3690.2
7/30/10,#N/A N/A,3614.1
8/2/10,#N/A N/A,3801.4
8/3/10,#N/A N/A,3785.2
8/4/10,#N/A N/A,3838.9
8/5/10,#N/A N/A,3778
8/6/10,#N/A N/A,3765.9
8/9/10,#N/A N/A,3799.4
8/10/10,#N/A N/A,3702.3
8/11/10,#N/A N/A,3622
8/12/10,#N/A N/A,3651.5
8/13/10,#N/A N/A,3612.9
8/16/10,#N/A N/A,3667
8/17/10,#N/A N/A,3672.6
8/18/10,0,3663.9
8/19/10,#N/A N/A,3639.7
8/23/10,#N/A N/A,3570.1
8/24/10,#N/A N/A,3501.2
8/25/10,#N/A N/A,3517.6
8/26/10,#N/A N/A,3546.2
8/27/10,#N/A N/A,3583.6
8/30/10,#N/A N/A,3572.5
8/31/10,#N/A N/A,3628.2
9/1/10,#N/A N/A,3728.2
9/2/10,#N/A N/A,3700.3
9/3/10,#N/A N/A,3703.2
9/6/10,#N/A N/A,3748.3
9/7/10,#N/A N/A,3675.2
9/8/10,#N/A N/A,3751.8
9/9/10,#N/A N/A,3773.5
9/10/10,#N/A N/A,3732.4
9/13/10,#N/A N/A,3804.9
9/14/10,#N/A N/A,3836.7
9/15/10,#N/A N/A,3844.1
9/16/10,#N/A N/A,3774.3
9/17/10,#N/A N/A,3790
9/20/10,#N/A N/A,3797
9/21/10,#N/A N/A,3774.6
9/22/10,#N/A N/A,3781.8
9/23/10,#N/A N/A,3755.6
9/24/10,#N/A N/A,3812
9/27/10,#N/A N/A,3824.5
9/28/10,#N/A N/A,3826.7
9/29/10,#N/A N/A,3806.7
9/30/10,#N/A N/A,3881.5
10/1/10,#N/A N/A,3890.5
10/4/10,#N/A N/A,3907.9
10/5/10,#N/A N/A,3961
10/6/10,#N/A N/A,3977
10/7/10,#N/A N/A,3968.4
10/8/10,#N/A N/A,3926.3
10/11/10,#N/A N/A,3969.8
10/12/10,#N/A N/A,3938.3
10/13/10,#N/A N/A,3992.9
10/14/10,#N/A N/A,3954.2
10/15/10,#N/A N/A,3908.6
10/18/10,#N/A N/A,3888.2
10/19/10,#N/A N/A,3867.7
10/20/10,#N/A N/A,3928.8
10/21/10,#N/A N/A,3948.6
10/22/10,#N/A N/A,3872.6
10/25/10,#N/A N/A,3921.3
10/27/10,#N/A N/A,3827.2
10/29/10,#N/A N/A,3903.6
11/2/10,#N/A N/A,3909.4
11/3/10,#N/A N/A,3888.1
11/4/10,#N/A N/A,3928.8
11/5/10,#N/A N/A,3886.2
11/8/10,#N/A N/A,3866.8
11/9/10,#N/A N/A,3913.5
11/10/10,#N/A N/A,3725.3
11/11/10,#N/A N/A,3614.8
11/12/10,#N/A N/A,3684.6
11/15/10,#N/A N/A,3716.8
11/16/10,#N/A N/A,3644.1
11/17/10,#N/A N/A,3675.5
11/18/10,#N/A N/A,3758.3
11/19/10,#N/A N/A,3765.4
11/22/10,#N/A N/A,3729.4
11/23/10,#N/A N/A,3659.7
11/24/10,#N/A N/A,3670.8
11/25/10,#N/A N/A,3544.2
11/26/10,#N/A N/A,3410.6
11/29/10,#N/A N/A,3278.8
11/30/10,#N/A N/A,3364
12/1/10,#N/A N/A,3491.2
12/2/10,#N/A N/A,3479
12/3/10,#N/A N/A,3546.6
12/6/10,#N/A N/A,3481.5
12/7/10,#N/A N/A,3571.1
12/9/10,#N/A N/A,3564.4
12/10/10,#N/A N/A,3524.6
12/13/10,#N/A N/A,3525
12/14/10,#N/A N/A,3551.6
12/15/10,#N/A N/A,3525.3
12/16/10,#N/A N/A,3529.6
12/17/10,#N/A N/A,3538.3
12/20/10,#N/A N/A,3502.7
12/21/10,#N/A N/A,3492.5
12/22/10,#N/A N/A,3549.8
12/23/10,#N/A N/A,3520.1
12/27/10,#N/A N/A,3520.4
12/28/10,#N/A N/A,3508.3
12/29/10,#N/A N/A,3503.3
12/30/10,#N/A N/A,3479.1
1/3/11,#N/A N/A,3579
1/4/11,#N/A N/A,3630.8
1/5/11,#N/A N/A,3661.9
1/7/11,#N/A N/A,3686.8
1/10/11,#N/A N/A,3621.2
1/11/11,#N/A N/A,3662.2
1/12/11,#N/A N/A,3715.2
1/13/11,#N/A N/A,3707.7
1/14/11,#N/A N/A,3679.6
1/17/11,#N/A N/A,3705.9
1/19/11,#N/A N/A,3807.4
1/20/11,#N/A N/A,3731.1
1/21/11,#N/A N/A,3797.5
1/24/11,3783,3795.5
1/25/11,#N/A N/A,3753.8
1/26/11,#N/A N/A,3817.6
1/27/11,#N/A N/A,3874.1
1/28/11,#N/A N/A,3790.5
1/31/11,#N/A N/A,3771.6
2/1/11,#N/A N/A,3856.4
2/2/11,#N/A N/A,3883
2/3/11,#N/A N/A,3850
2/4/11,#N/A N/A,3904.4
2/7/11,#N/A N/A,3946.4
2/8/11,3872,3852.4
2/9/11,#N/A N/A,3772.4
2/10/11,#N/A N/A,3666.3
2/11/11,#N/A N/A,3736.3
2/14/11,#N/A N/A,3750.4
2/15/11,#N/A N/A,3721.3
2/16/11,#N/A N/A,3752.2
2/17/11,#N/A N/A,3766.4
2/18/11,#N/A N/A,3761.5
2/21/11,#N/A N/A,3718.4
2/22/11,#N/A N/A,3735.9
2/23/11,#N/A N/A,3675.9
2/24/11,#N/A N/A,3712.4
2/25/11,#N/A N/A,3803.9
2/28/11,#N/A N/A,3834.2
3/1/11,#N/A N/A,3741.2
3/2/11,#N/A N/A,3755.1
3/3/11,#N/A N/A,3772.5
3/4/11,#N/A N/A,3804.2
3/7/11,#N/A N/A,3802.9
3/8/11,#N/A N/A,3737.1
3/9/11,#N/A N/A,3682.2
3/10/11,#N/A N/A,3642.1
3/11/11,#N/A N/A,3680.9
3/14/11,#N/A N/A,3680.9
3/15/11,#N/A N/A,3680.9
3/16/11,#N/A N/A,3611.3
3/17/11,#N/A N/A,3662.4
3/18/11,#N/A N/A,3668.6
3/21/11,#N/A N/A,3770.3
3/22/11,#N/A N/A,3655.1
3/23/11,#N/A N/A,3645.9
3/24/11,#N/A N/A,3736.3
3/25/11,#N/A N/A,3778.4
3/28/11,#N/A N/A,3736.7
3/29/11,#N/A N/A,3712.3
3/30/11,#N/A N/A,3766.2
3/31/11,#N/A N/A,3806.3
4/1/11,#N/A N/A,3901.4
4/4/11,#N/A N/A,3877.5
4/5/11,#N/A N/A,3901.1
4/6/11,#N/A N/A,4024.8
4/7/11,#N/A N/A,4033.1
4/8/11,#N/A N/A,4048.3
4/11/11,#N/A N/A,4027.8
4/12/11,#N/A N/A,3896.2
4/13/11,#N/A N/A,3924.8
4/14/11,#N/A N/A,3899.6
4/15/11,#N/A N/A,3962.2
4/18/11,#N/A N/A,3811.5
4/19/11,#N/A N/A,3900.4
4/20/11,#N/A N/A,3994.4
4/21/11,#N/A N/A,4007
4/26/11,#N/A N/A,4003.6
4/27/11,#N/A N/A,3998.5
4/28/11,#N/A N/A,4018.1
4/29/11,#N/A N/A,4000
5/2/11,#N/A N/A,4091
5/3/11,#N/A N/A,3929.1
5/4/11,#N/A N/A,3925.2
5/5/11,#N/A N/A,3927.2
5/6/11,#N/A N/A,3951.4
5/9/11,#N/A N/A,3917.6
5/10/11,#N/A N/A,3964.1
5/11/11,#N/A N/A,3918.5
5/12/11,#N/A N/A,3841.9
5/13/11,#N/A N/A,3809.2
5/16/11,#N/A N/A,3797.4
5/17/11,#N/A N/A,3752.3
5/18/11,#N/A N/A,3751.1
5/19/11,#N/A N/A,3748.6
5/20/11,#N/A N/A,3697.9
5/23/11,#N/A N/A,3649.8
5/24/11,#N/A N/A,3757.7
5/25/11,#N/A N/A,3696.3
5/26/11,#N/A N/A,3721
5/27/11,#N/A N/A,3775.4
5/30/11,#N/A N/A,3727
5/31/11,#N/A N/A,3842.2
6/1/11,#N/A N/A,3838.5
6/3/11,#N/A N/A,3823.8
6/6/11,#N/A N/A,3799.2
6/7/11,#N/A N/A,3818.4
6/8/11,#N/A N/A,3825.2
6/9/11,#N/A N/A,3857.3
6/10/11,#N/A N/A,3807.8
6/14/11,#N/A N/A,3847.9
6/15/11,#N/A N/A,3793.8
6/16/11,#N/A N/A,3720.7
6/17/11,#N/A N/A,3738.9
6/20/11,#N/A N/A,3711.4
6/21/11,#N/A N/A,3750.4
6/22/11,#N/A N/A,3755
6/24/11,#N/A N/A,3698.3
6/27/11,#N/A N/A,3726.2
6/28/11,#N/A N/A,3736.9
6/29/11,#N/A N/A,3789.7
6/30/11,#N/A N/A,3797.9
7/1/11,#N/A N/A,3831
7/4/11,#N/A N/A,3819.3
7/5/11,#N/A N/A,3769.8
7/6/11,#N/A N/A,3731.2
7/7/11,#N/A N/A,3822.7
7/8/11,#N/A N/A,3767.6
7/11/11,#N/A N/A,3648.3
7/12/11,#N/A N/A,3603.5
7/13/11,#N/A N/A,3696.3
7/14/11,#N/A N/A,3651.8
7/15/11,#N/A N/A,3627
7/18/11,#N/A N/A,3485.8
7/19/11,#N/A N/A,3517.9
7/20/11,#N/A N/A,3570.3
7/21/11,#N/A N/A,3637.2
7/22/11,#N/A N/A,3633.6
7/25/11,#N/A N/A,3604.6
7/26/11,#N/A N/A,3597
7/27/11,#N/A N/A,3547.7
7/28/11,#N/A N/A,3523.1
7/29/11,#N/A N/A,3572.8
8/1/11,#N/A N/A,3498.6
8/2/11,#N/A N/A,3450.5
8/3/11,#N/A N/A,3375.8
8/4/11,#N/A N/A,3326.2
8/5/11,#N/A N/A,3247.3
8/8/11,#N/A N/A,3141.8
8/11/11,#N/A N/A,2928.3
8/12/11,#N/A N/A,2984.3
8/16/11,#N/A N/A,3065.7
8/17/11,#N/A N/A,3132.7
8/18/11,#N/A N/A,3019.9
8/19/11,#N/A N/A,2995.8
8/22/11,#N/A N/A,3026.8
8/23/11,#N/A N/A,3019.6
8/24/11,#N/A N/A,2995.8
8/25/11,#N/A N/A,2954.3
8/26/11,#N/A N/A,2958.7
8/29/11,#N/A N/A,3048.2
8/30/11,#N/A N/A,3006
8/31/11,#N/A N/A,3078.3
9/1/11,#N/A N/A,3028.9
9/2/11,#N/A N/A,3013.4
9/5/11,#N/A N/A,2901
9/6/11,#N/A N/A,2921.7
9/7/11,#N/A N/A,3031.9
9/8/11,#N/A N/A,2982.1
9/9/11,#N/A N/A,2782.8
9/12/11,#N/A N/A,2698.8
9/13/11,#N/A N/A,2651.6
9/14/11,#N/A N/A,2648.4
9/15/11,#N/A N/A,2694.4
9/19/11,#N/A N/A,2562.6
9/20/11,#N/A N/A,2602.6
9/21/11,#N/A N/A,2543.4
9/22/11,#N/A N/A,2384.5
9/23/11,#N/A N/A,2379.8
9/26/11,#N/A N/A,2364.1
9/27/11,#N/A N/A,2493.3
9/28/11,#N/A N/A,2468.5
9/29/11,#N/A N/A,2478.5
9/30/11,#N/A N/A,2463.6
10/3/11,#N/A N/A,2412.4
10/4/11,#N/A N/A,2427.6
10/5/11,#N/A N/A,2564.9
10/6/11,#N/A N/A,2598.4
10/7/11,#N/A N/A,2549.7
10/10/11,#N/A N/A,2649.5
10/11/11,#N/A N/A,2663.1
10/12/11,#N/A N/A,2744.1
10/13/11,#N/A N/A,2730.6
10/14/11,#N/A N/A,2748.1
10/17/11,#N/A N/A,2731
10/19/11,#N/A N/A,2721.8
10/20/11,#N/A N/A,2648.4
10/21/11,#N/A N/A,2705.8
10/24/11,#N/A N/A,2779
10/25/11,#N/A N/A,2767.1
10/27/11,#N/A N/A,2776.7
10/28/11,#N/A N/A,2683.7
10/31/11,#N/A N/A,2683.7
11/2/11,#N/A N/A,2572.1
11/3/11,#N/A N/A,2561.7
11/4/11,#N/A N/A,2573.2
11/7/11,#N/A N/A,2511.9
11/8/11,#N/A N/A,2531.5
11/9/11,#N/A N/A,2445.7
11/10/11,#N/A N/A,2433.4
11/11/11,#N/A N/A,2558.7
11/14/11,#N/A N/A,2447.4
11/15/11,#N/A N/A,2459.3
11/16/11,#N/A N/A,2498.6
11/17/11,#N/A N/A,2622.4
11/18/11,#N/A N/A,2604.5
11/21/11,#N/A N/A,2548.6
11/22/11,#N/A N/A,2560.4
11/23/11,#N/A N/A,2539.1
11/24/11,#N/A N/A,2521.5
11/25/11,#N/A N/A,2425.1
11/28/11,#N/A N/A,2522.7
11/29/11,#N/A N/A,2528.2
11/30/11,#N/A N/A,2679.4
12/1/11,#N/A N/A,2614.3
12/2/11,#N/A N/A,2659.2
12/5/11,#N/A N/A,2738
12/6/11,#N/A N/A,2673.4
12/7/11,#N/A N/A,2640.6
12/9/11,#N/A N/A,2601.7
12/12/11,#N/A N/A,2606.6
12/13/11,#N/A N/A,2590.5
12/14/11,#N/A N/A,2557.1
12/15/11,#N/A N/A,2620.6
12/19/11,#N/A N/A,2680.1
12/20/11,#N/A N/A,2721.1
12/21/11,#N/A N/A,2705.8
12/22/11,#N/A N/A,2643.2
12/23/11,#N/A N/A,2645.8
12/27/11,#N/A N/A,2629.5
12/28/11,#N/A N/A,2586.2
12/29/11,#N/A N/A,2603.8
1/2/12,#N/A N/A,2532.2
1/3/12,#N/A N/A,2501.7
1/4/12,#N/A N/A,2408.7
1/5/12,#N/A N/A,2359.4
1/9/12,#N/A N/A,2464.3
1/10/12,#N/A N/A,2560.4
1/11/12,#N/A N/A,2504.9
1/12/12,#N/A N/A,2567.9
1/13/12,#N/A N/A,2598.4
1/16/12,#N/A N/A,2596.2
1/17/12,#N/A N/A,2634.9
1/18/12,#N/A N/A,2758
1/19/12,#N/A N/A,2823.7
1/20/12,#N/A N/A,2876.4
1/23/12,#N/A N/A,2937.3
1/24/12,#N/A N/A,2907
1/25/12,#N/A N/A,2896.1
1/26/12,#N/A N/A,3011
1/27/12,#N/A N/A,3023.3
1/30/12,#N/A N/A,2990.4
1/31/12,#N/A N/A,2997.9
2/1/12,#N/A N/A,3050.1
2/2/12,#N/A N/A,3110.2
2/3/12,#N/A N/A,3134.2
2/6/12,#N/A N/A,3148.1
2/7/12,#N/A N/A,3126.4
2/8/12,#N/A N/A,3149.3
2/9/12,#N/A N/A,3088.6
2/10/12,#N/A N/A,2997
2/13/12,#N/A N/A,3052.6
2/14/12,#N/A N/A,3032.8
2/15/12,#N/A N/A,3051.7
2/16/12,#N/A N/A,2963.9
2/17/12,#N/A N/A,3077.4
2/20/12,#N/A N/A,3134
2/21/12,#N/A N/A,3112.8
2/22/12,#N/A N/A,3080.6
2/23/12,#N/A N/A,3074.1
2/24/12,#N/A N/A,3113.2
2/27/12,#N/A N/A,3062.3
2/28/12,#N/A N/A,3077.7
2/29/12,#N/A N/A,3127.1
3/1/12,#N/A N/A,3120
3/2/12,#N/A N/A,3105.3
3/5/12,#N/A N/A,3028.5
3/6/12,#N/A N/A,2944.2
3/7/12,#N/A N/A,2889.9
3/8/12,#N/A N/A,2941.1
3/9/12,#N/A N/A,2998.4
3/12/12,#N/A N/A,2984.1
3/13/12,#N/A N/A,3046.9
3/14/12,#N/A N/A,3094.7
3/19/12,#N/A N/A,3030.6
3/20/12,#N/A N/A,3010.2
3/21/12,#N/A N/A,2976.5
3/22/12,#N/A N/A,2942.5
3/23/12,#N/A N/A,2983.9
3/26/12,#N/A N/A,2999.3
3/27/12,#N/A N/A,2943.4
3/28/12,#N/A N/A,2913.2
3/29/12,#N/A N/A,2872.2
3/30/12,#N/A N/A,2895.7
4/2/12,#N/A N/A,2890
4/3/12,#N/A N/A,2863.7
4/4/12,#N/A N/A,2821.6
4/5/12,#N/A N/A,2830.3
4/10/12,#N/A N/A,2771.1
4/11/12,#N/A N/A,2754.6
4/12/12,#N/A N/A,2760.8
4/13/12,#N/A N/A,2676.2
4/16/12,#N/A N/A,2690.7
4/17/12,#N/A N/A,2723.9
4/18/12,#N/A N/A,2713.3
4/19/12,#N/A N/A,2717.5
4/20/12,#N/A N/A,2702.6
4/23/12,#N/A N/A,2621.4
4/24/12,#N/A N/A,2717.4
4/25/12,#N/A N/A,2873.9
4/26/12,#N/A N/A,2872.2
4/27/12,#N/A N/A,2901.6
4/30/12,#N/A N/A,2901.6
5/2/12,#N/A N/A,2900.6
5/3/12,#N/A N/A,2869.9
5/4/12,#N/A N/A,2866
5/7/12,#N/A N/A,2885.7
5/8/12,#N/A N/A,2790.7
5/9/12,#N/A N/A,2713.8
5/10/12,#N/A N/A,2748.9
5/11/12,#N/A N/A,2747.1
5/14/12,#N/A N/A,2656.9
5/15/12,#N/A N/A,2633.3
5/16/12,#N/A N/A,2571.7
5/18/12,#N/A N/A,2537.3
5/21/12,#N/A N/A,2561.2
5/22/12,#N/A N/A,2586.6
5/23/12,#N/A N/A,2461
5/24/12,#N/A N/A,2506.7
5/25/12,#N/A N/A,2511.5
5/29/12,#N/A N/A,2552.5
5/30/12,#N/A N/A,2439.9
5/31/12,#N/A N/A,2453.1
6/1/12,#N/A N/A,2463.1
6/4/12,#N/A N/A,2510.9
6/5/12,#N/A N/A,2479.8
6/6/12,#N/A N/A,2587.1
6/8/12,#N/A N/A,2630.1
6/11/12,#N/A N/A,2596.7
6/12/12,#N/A N/A,2589.1
6/13/12,#N/A N/A,2621.8
6/14/12,#N/A N/A,2597.7
6/15/12,#N/A N/A,2675.8
6/18/12,#N/A N/A,2740.1
6/19/12,#N/A N/A,2817.4
6/20/12,#N/A N/A,2825.9
6/21/12,#N/A N/A,2779.9
6/22/12,#N/A N/A,2734.1
6/25/12,#N/A N/A,2672.5
6/26/12,#N/A N/A,2695.1
6/27/12,#N/A N/A,2705
6/28/12,#N/A N/A,2645.4
6/29/12,#N/A N/A,2767.2
7/2/12,#N/A N/A,2759
7/3/12,#N/A N/A,2790.3
7/4/12,#N/A N/A,2767.1
7/5/12,#N/A N/A,2759.4
7/6/12,#N/A N/A,2693
7/9/12,#N/A N/A,2712.7
7/10/12,#N/A N/A,2720.1
7/11/12,#N/A N/A,2733.9
7/12/12,#N/A N/A,2676.8
7/13/12,#N/A N/A,2698.5
7/16/12,#N/A N/A,2725.2
7/17/12,#N/A N/A,2751.6
7/18/12,#N/A N/A,2780.7
7/19/12,#N/A N/A,2773.8
7/20/12,#N/A N/A,2752.7
7/23/12,#N/A N/A,2689.3
7/24/12,#N/A N/A,2698.6
7/25/12,#N/A N/A,2700
7/26/12,#N/A N/A,2772.1
7/27/12,#N/A N/A,2869.7
7/30/12,#N/A N/A,2878.3
7/31/12,#N/A N/A,2833.1
8/1/12,#N/A N/A,2852.2
8/2/12,#N/A N/A,2821
8/3/12,#N/A N/A,2898.2
8/6/12,#N/A N/A,2963.5
8/7/12,#N/A N/A,2914.6
8/8/12,#N/A N/A,2937.6
8/9/12,#N/A N/A,2932.3
8/10/12,#N/A N/A,2920.2
8/13/12,#N/A N/A,2893.1
8/14/12,#N/A N/A,2894.1
8/16/12,#N/A N/A,2940.9
8/17/12,#N/A N/A,2911.7
8/20/12,#N/A N/A,2912.2
8/21/12,#N/A N/A,2930.5
8/22/12,#N/A N/A,2891.8
8/23/12,#N/A N/A,2888.9
8/24/12,#N/A N/A,2869.7
8/27/12,#N/A N/A,2883.7
8/28/12,#N/A N/A,2831.6
8/29/12,#N/A N/A,2794.4
8/30/12,#N/A N/A,2773.7
8/31/12,#N/A N/A,2814.5
9/3/12,#N/A N/A,2822.8
9/4/12,#N/A N/A,2851.7
9/5/12,#N/A N/A,2857.2
9/6/12,#N/A N/A,2854.3
9/7/12,#N/A N/A,2917.8
9/10/12,#N/A N/A,2929.8
9/11/12,#N/A N/A,2981.2
9/12/12,#N/A N/A,2979.7
9/13/12,#N/A N/A,2935.4
9/14/12,#N/A N/A,3045.4
9/17/12,#N/A N/A,3021.9
9/18/12,#N/A N/A,3010.6
9/19/12,#N/A N/A,2993.9
9/20/12,#N/A N/A,2985
9/24/12,#N/A N/A,2994.8
9/25/12,#N/A N/A,2972.7
9/26/12,#N/A N/A,2917.2
9/27/12,#N/A N/A,2964.5
9/28/12,#N/A N/A,2952.5
10/1/12,#N/A N/A,2976.6
10/2/12,#N/A N/A,2964.9
10/3/12,#N/A N/A,2987.2
10/4/12,#N/A N/A,3017
10/5/12,#N/A N/A,3050.4
10/8/12,#N/A N/A,3013.3
10/9/12,#N/A N/A,3004.4
10/10/12,#N/A N/A,3026
10/11/12,#N/A N/A,3060.9
10/12/12,#N/A N/A,3075.7
10/15/12,#N/A N/A,3096.8
10/16/12,#N/A N/A,3142.1
10/17/12,#N/A N/A,3118.8
10/18/12,#N/A N/A,3071.6
10/19/12,#N/A N/A,3064.8
10/22/12,#N/A N/A,3064.8
10/23/12,#N/A N/A,3064.8
10/24/12,#N/A N/A,3019.6
10/25/12,#N/A N/A,3065.8
10/29/12,#N/A N/A,3017
10/30/12,#N/A N/A,3039.6
10/31/12,#N/A N/A,3052
11/2/12,#N/A N/A,3052
11/5/12,#N/A N/A,3057.2
11/6/12,#N/A N/A,3052.6
11/7/12,#N/A N/A,3010
11/8/12,#N/A N/A,3028.7
11/9/12,#N/A N/A,3037.9
11/12/12,#N/A N/A,3021
11/13/12,#N/A N/A,3003.2
11/14/12,#N/A N/A,3015.3
11/15/12,#N/A N/A,2970.3
11/16/12,#N/A N/A,2922.8
11/19/12,#N/A N/A,2926.1
11/20/12,#N/A N/A,2901.7
11/21/12,#N/A N/A,2900.9
11/22/12,#N/A N/A,2872.6
11/23/12,#N/A N/A,2881.2
11/26/12,#N/A N/A,2858.9
11/27/12,#N/A N/A,2847.6
11/28/12,#N/A N/A,2839.4
11/29/12,#N/A N/A,2874.5
11/30/12,#N/A N/A,2910.8
12/3/12,#N/A N/A,2894.9
12/4/12,#N/A N/A,2874.9
12/5/12,#N/A N/A,2856.1
12/6/12,#N/A N/A,2817.7
12/7/12,#N/A N/A,2817.9
12/10/12,#N/A N/A,2821
12/11/12,#N/A N/A,2845.2
12/12/12,#N/A N/A,2842.1
12/13/12,#N/A N/A,2826.9
12/14/12,#N/A N/A,2828.6
12/17/12,#N/A N/A,2751
12/18/12,#N/A N/A,2780.9
12/19/12,#N/A N/A,2797.7
12/20/12,#N/A N/A,2807.4
12/21/12,#N/A N/A,2767.7
12/27/12,#N/A N/A,2770.3
12/28/12,#N/A N/A,2797.7
1/2/13,#N/A N/A,2847.6
1/3/13,#N/A N/A,2882.6
1/4/13,#N/A N/A,2877.1
1/7/13,#N/A N/A,2891.5
1/8/13,#N/A N/A,2861
1/9/13,#N/A N/A,2914.2
1/10/13,#N/A N/A,2894.2
1/11/13,#N/A N/A,2882.2
1/14/13,#N/A N/A,2897.6
1/15/13,#N/A N/A,2890.5
1/16/13,#N/A N/A,2912
1/17/13,#N/A N/A,2969.7
1/18/13,#N/A N/A,2984.8
1/21/13,#N/A N/A,2998
1/22/13,#N/A N/A,2922.8
1/23/13,#N/A N/A,2910.2
1/24/13,#N/A N/A,2908.1
1/25/13,#N/A N/A,2904.6
1/28/13,#N/A N/A,2914.9
1/29/13,#N/A N/A,2951.9
1/30/13,#N/A N/A,2946.9
1/31/13,#N/A N/A,2965.6
2/1/13,#N/A N/A,2978.5
2/4/13,#N/A N/A,2921.2
2/5/13,#N/A N/A,2966.7
2/6/13,#N/A N/A,2946
2/7/13,#N/A N/A,2927
2/8/13,#N/A N/A,2942.2
2/11/13,#N/A N/A,2946.6
2/12/13,#N/A N/A,2941.3
2/13/13,#N/A N/A,2964
2/14/13,#N/A N/A,2890.4
2/15/13,#N/A N/A,2883.8
2/18/13,#N/A N/A,2921.4
2/19/13,#N/A N/A,2949
2/20/13,#N/A N/A,2924.2
2/21/13,#N/A N/A,2870.6
2/22/13,#N/A N/A,2868.6
2/25/13,#N/A N/A,2863.2
2/26/13,#N/A N/A,2808.1
2/27/13,#N/A N/A,2804.8
2/28/13,#N/A N/A,2854.7
3/1/13,#N/A N/A,2877.5
3/4/13,#N/A N/A,2822.5
3/5/13,#N/A N/A,2832.9
3/6/13,#N/A N/A,2827.5
3/7/13,#N/A N/A,2857.5
3/8/13,#N/A N/A,2859
3/11/13,#N/A N/A,2809.3
3/12/13,#N/A N/A,2740.3
3/13/13,#N/A N/A,2721.6
3/14/13,#N/A N/A,2713.9
3/18/13,#N/A N/A,2573.7
3/19/13,#N/A N/A,2558.8
3/20/13,#N/A N/A,2607.1
3/21/13,#N/A N/A,2601.8
3/22/13,#N/A N/A,2555.2
3/25/13,#N/A N/A,2548.4
3/26/13,#N/A N/A,2585.3
3/27/13,#N/A N/A,2571.4
3/28/13,#N/A N/A,2559.4
4/2/13,#N/A N/A,2618.4
4/3/13,#N/A N/A,2604.9
4/4/13,#N/A N/A,2621.8
4/5/13,#N/A N/A,2622.2
4/8/13,#N/A N/A,2652.5
4/9/13,#N/A N/A,2668.5
4/10/13,#N/A N/A,2673
4/11/13,#N/A N/A,2696.1
4/12/13,#N/A N/A,2685.3
4/15/13,#N/A N/A,2659.1
4/16/13,#N/A N/A,2670.6
4/17/13,#N/A N/A,2671.9
4/18/13,#N/A N/A,2611.4
4/19/13,#N/A N/A,2630.8
4/23/13,#N/A N/A,2577
4/24/13,#N/A N/A,2572.7
4/25/13,#N/A N/A,2579.4
4/26/13,#N/A N/A,2571.7
4/29/13,#N/A N/A,2609.1
4/30/13,#N/A N/A,2645.6
5/2/13,#N/A N/A,2674
5/3/13,#N/A N/A,2677.9
5/6/13,#N/A N/A,2674.8
5/7/13,#N/A N/A,2710.3
5/8/13,#N/A N/A,2711.9
5/10/13,#N/A N/A,2713.8
5/13/13,#N/A N/A,2737.8
5/14/13,#N/A N/A,2738.5
5/15/13,#N/A N/A,2751.1
5/16/13,#N/A N/A,2790.9
5/17/13,#N/A N/A,2793.4
5/21/13,#N/A N/A,2798
5/22/13,#N/A N/A,2857.4
5/23/13,#N/A N/A,2818.4
5/24/13,#N/A N/A,2879.7
5/27/13,#N/A N/A,2887.8
5/28/13,#N/A N/A,2933.5
5/29/13,#N/A N/A,2897
5/31/13,#N/A N/A,2816.1
6/3/13,#N/A N/A,2817.7
6/4/13,#N/A N/A,2823.1
6/5/13,#N/A N/A,2786.4
6/6/13,#N/A N/A,2784.1
6/7/13,#N/A N/A,2879.4
6/10/13,#N/A N/A,2845.7
6/11/13,#N/A N/A,2840
6/12/13,#N/A N/A,2858.7
6/13/13,#N/A N/A,2864.1
6/14/13,#N/A N/A,2918.5
6/17/13,#N/A N/A,2867.2
6/18/13,#N/A N/A,2817.8
6/19/13,#N/A N/A,2794.1
6/20/13,#N/A N/A,2712.4
6/21/13,#N/A N/A,2644.2
6/24/13,#N/A N/A,2649
6/25/13,#N/A N/A,2655.6
6/26/13,#N/A N/A,2704.8
6/27/13,#N/A N/A,2720.9
6/28/13,#N/A N/A,2790.8
7/1/13,#N/A N/A,2780.8
7/2/13,#N/A N/A,2751.8
7/3/13,#N/A N/A,2709.8
7/4/13,#N/A N/A,2766.8
7/5/13,#N/A N/A,2756.3
7/8/13,#N/A N/A,2805
7/9/13,#N/A N/A,2856.9
7/10/13,#N/A N/A,2867.2
7/11/13,#N/A N/A,2829.8
7/12/13,#N/A N/A,2885.7
7/15/13,#N/A N/A,2911.9
7/16/13,#N/A N/A,2917.1
7/17/13,#N/A N/A,2873.7
7/18/13,#N/A N/A,2795.2
7/19/13,#N/A N/A,2695.1
7/22/13,#N/A N/A,2710.9
7/23/13,#N/A N/A,2706.3
7/24/13,#N/A N/A,2720.9
7/25/13,#N/A N/A,2717.1
7/26/13,#N/A N/A,2680.9
7/29/13,#N/A N/A,2631.1
7/30/13,#N/A N/A,2635.3
7/31/13,#N/A N/A,2663.8
8/1/13,#N/A N/A,2641.9
8/2/13,#N/A N/A,2676
8/5/13,#N/A N/A,2671.9
8/6/13,#N/A N/A,2644.6
8/7/13,#N/A N/A,2650.6
8/8/13,#N/A N/A,2742.4
8/9/13,#N/A N/A,2737.4
8/12/13,#N/A N/A,2737.7
8/13/13,#N/A N/A,2721.6
8/14/13,#N/A N/A,2712.5
8/16/13,#N/A N/A,2679.8
8/19/13,#N/A N/A,2680.3
8/20/13,#N/A N/A,2680.3
8/21/13,#N/A N/A,2625.7
8/22/13,#N/A N/A,2628.1
8/23/13,#N/A N/A,2641
8/26/13,#N/A N/A,2661.7
8/27/13,#N/A N/A,2584.1
8/28/13,#N/A N/A,2624.1
8/29/13,#N/A N/A,2614.7
8/30/13,#N/A N/A,2630.4
9/2/13,#N/A N/A,2640
9/3/13,#N/A N/A,2632.7
9/4/13,#N/A N/A,2623.4
9/5/13,#N/A N/A,2616.7
9/6/13,#N/A N/A,2612.9
9/9/13,#N/A N/A,2604.6
9/10/13,#N/A N/A,2634.7
9/11/13,#N/A N/A,2662
9/12/13,#N/A N/A,2639.4
9/13/13,#N/A N/A,2668.5
9/16/13,#N/A N/A,2714
9/17/13,#N/A N/A,2722.5
9/18/13,#N/A N/A,2699.7
9/19/13,#N/A N/A,2711.9
9/20/13,#N/A N/A,2662.2
9/24/13,#N/A N/A,2679.3
9/25/13,#N/A N/A,2756.3
9/26/13,#N/A N/A,2752.5
9/27/13,#N/A N/A,2752.3
9/30/13,#N/A N/A,2759.2
10/1/13,#N/A N/A,2801.3
10/2/13,#N/A N/A,2779.2
10/3/13,#N/A N/A,2773.6