date,regime,crisis_prob,defensive_weight,portfolio_return,equity_return,portfolio_cumret,equity_cumret,prob_bucket
2002-01-31,0.0,0.04481465522040602,0.0,-0.024805554645887202,-0.009798563800861304,0.9751944453541128,0.9902014361991387,Low (0-30%)
2002-02-28,0.0,0.9615622471214983,1.0,0.012158033832345976,-0.017935920578087794,0.9870508924138439,0.9724412618831625,Very High (70-100%)
2002-03-31,0.0,0.3236180335564014,0.05904508389100352,0.04095325684187296,0.03327060334164589,1.027473841126868,1.0047949693803269,Med (30-50%)
2002-04-30,0.0,0.3087128269990879,0.021782067497719826,-0.03438691678317204,-0.05815556408949296,0.9921421836551523,0.9463605511417291,Med (30-50%)
2002-05-31,0.0,0.9892819094769878,1.0,0.002221513959372668,-0.005933711461363234,0.9943462413658246,0.9407451206928374,Very High (70-100%)
2002-06-30,1.0,0.9528794904907909,1.0,0.009345745041412995,-0.07380772109089873,1.0036391478205169,0.8713108672071166,Very High (70-100%)
2002-07-31,1.0,0.865071473830954,1.0,-0.030015683560409477,-0.07881951199169157,0.9735142327506972,0.8026345698607941,Very High (70-100%)
2002-08-31,1.0,0.9332962834613983,1.0,0.0166765088941509,0.006800821652074296,0.9897490515117467,0.8080931444222067,Very High (70-100%)
2002-09-30,1.0,0.9985114894733744,1.0,-0.012895439268382738,-0.10485253996805644,0.9769858027270376,0.7233625256987649,Very High (70-100%)
2002-10-31,1.0,0.7989558631649728,1.0,-0.009527366745373762,0.08228470726627135,0.9676777006794337,0.7828841993732785,Very High (70-100%)
2002-11-30,1.0,0.7862738915562245,1.0,0.0005848026678902814,0.061680905444948086,0.9682436011804489,0.8311732056491655,Very High (70-100%)
2002-12-31,1.0,0.7316701639108806,1.0,0.017406824693680333,-0.05656991486717644,0.9850976478069747,0.7841538081657141,Very High (70-100%)
2003-01-31,1.0,0.9990428922959548,1.0,0.019695479455652382,-0.024594923596185092,1.0044996182911685,0.7648676051662208,Very High (70-100%)
2003-02-28,0.0,0.09577488364575955,0.0,-0.01549741652392504,-0.013478727781929378,0.9889324693083866,0.7545581629269691,Low (0-30%)
2003-03-31,1.0,0.8410679059765961,1.0,-0.01927061081636669,0.0021392465206291345,0.9698751365686762,0.7561723488516229,Very High (70-100%)
2003-04-30,0.0,0.049741684693409956,0.0,0.07843098487470263,0.08461220277343195,1.0459433987352442,0.8201537569643187,Low (0-30%)
2003-05-31,0.0,0.2410882314601353,0.0,0.04475075301827161,0.054835524075889985,1.0927501534431368,0.8651273180502672,Low (0-30%)
2003-06-30,0.0,0.0521613179150531,0.0,0.015939346465567557,0.010652162694192668,1.110167876739169,0.8743427949933292,Low (0-30%)
2003-07-31,0.0,0.163198110405688,0.0,0.026639431901469657,0.018027701413170005,1.139742118290761,0.8901051858342255,Low (0-30%)
2003-08-31,0.0,0.21586360607950142,0.0,0.020070251380412872,0.02062507632506394,1.162617029113701,0.9084636732293916,Low (0-30%)
2003-09-30,0.0,0.5150937234054694,0.5377343085136735,-0.00438748170450246,-0.010905627883500246,1.1575160681691217,0.8985563064634741,High (50-70%)
2003-10-31,0.0,0.2831148300382163,0.0,0.053687561947957485,0.05352640068782599,1.2196602837847077,0.946652791363811,Low (0-30%)
2003-11-30,0.0,0.11488845303913735,0.0,0.017056317485390913,0.010922038822744673,1.2404631968092616,0.9569921699027462,Low (0-30%)
2003-12-31,0.0,0.16403049917957338,0.0,0.040324960019412236,0.050312552282163914,1.2904848256261474,1.0051408884845996,Low (0-30%)
2004-01-31,0.0,0.0896316442691023,0.0,0.022778746535877466,0.019769874552186595,1.3198804523774816,1.0250123977572134,Low (0-30%)
2004-02-29,0.0,0.24020470503398825,0.0,0.024173926483148932,0.0135705219689497,1.3517871453998,1.0389223510194234,Low (0-30%)
2004-03-31,0.0,0.04585083564268793,0.0,0.0065471880554212256,-0.01324545029821289,1.3606375500516337,1.025161356655293,Low (0-30%)
2004-04-30,0.0,0.0921509229264259,0.0,-0.05561200021197249,-0.01892139547154459,1.2849697743297446,1.0057638732038732,Low (0-30%)
2004-05-31,0.0,0.03408222757776756,0.0,0.02162446585070952,0.01712344935970922,1.3127565593339319,1.0229860199545047,Low (0-30%)
2004-06-30,0.0,0.011749843779716464,0.0,0.01607418719604098,0.018501182705347174,1.3338580540114962,1.041912471214699,Low (0-30%)
2004-07-31,0.0,0.21981753176331742,0.0,-0.027388794251041147,-0.03221855552600883,1.2973252902100811,1.008343556407627,Low (0-30%)
2004-08-31,0.0,0.0036726461238165012,0.0,0.018459454673555708,0.002435897724645919,1.3212732076015716,1.0107997781823417,Low (0-30%)
2004-09-30,0.0,0.006630828602552927,0.0,0.02293972905691212,0.010036912307533896,1.351582856994109,1.0209450869164325,Low (0-30%)
2004-10-31,0.0,0.0012598628890747407,0.0,0.02702798782706845,0.012884757095352306,1.3881134220002203,1.034099716369044,Low (0-30%)
2004-11-30,0.0,0.002171980259815847,0.0,0.056787323840978454,0.044517192196748656,1.4669406684233555,1.080134932193248,Low (0-30%)
2004-12-31,0.0,0.07787521961307085,0.0,0.03703636347165965,0.030121597680016432,1.5212708162104422,1.1126703220609049,Low (0-30%)
2005-01-31,0.0,0.06045817427657667,0.0,-0.032117642884904506,-0.022421071186692232,1.472411183404168,1.0877230615626576,Low (0-30%)
2005-02-28,0.0,0.0023831546183638867,0.0,0.03920560118264064,0.020904087774259006,1.530137949037572,1.1104609199156492,Low (0-30%)
2005-03-31,0.0,0.07103580898678434,0.0,-0.02849025592012263,-0.018293350085992754,1.4865439272763998,1.0901468695508187,Low (0-30%)
2005-04-30,0.0,0.13365447950241705,0.0,-0.009659095186402055,-0.018735080029278928,1.472185257984069,1.0697228807061163,Low (0-30%)
2005-05-31,0.0,0.027933544280588876,0.0,0.02178834922299884,0.032224936883954,1.5042617445059767,1.1041946330201924,Low (0-30%)
2005-06-30,0.0,0.01648737315822193,0.0,0.018953281799450914,0.0015152486857030745,1.532772441249732,1.1058677624866367,Low (0-30%)
2005-07-31,0.0,0.0012271081844094118,0.0,0.04843369527091355,0.038261325094965715,1.6070102745888757,1.1481797284591801,Low (0-30%)
2005-08-31,0.0,0.002408493242010158,0.0,-0.0014950874598538414,-0.009374532487111065,1.6046076536794815,1.1374160802936972,Low (0-30%)
2005-09-30,1.0,0.0550558148912321,0.0,0.025075566863772658,0.008025017747556928,1.6448441001894425,1.1465438645244108,Low (0-30%)
2005-10-31,0.0,0.07749532771616342,0.0,-0.03115145899627836,-0.023650739215587913,1.5936048066471207,1.1194272545853117,Low (0-30%)
2005-11-30,0.0,0.021222511944054123,0.0,0.037773561066845485,0.04395270595517076,1.653800935127424,1.168629111544304,Low (0-30%)
2005-12-31,0.0,0.0011557091423839622,0.0,0.01903701396651779,-0.0019138247114643958,1.685284366627285,1.1663925602720937,Low (0-30%)
2006-01-31,0.0,0.031248871213813423,0.0,0.06388195661857521,0.024014082512620494,1.7929436294261323,1.1944024074565744,Low (0-30%)
2006-02-28,0.0,0.00423535904022619,0.0,-0.006194717391445633,0.005725788901355555,1.7818368503430446,1.2012413035049416,Low (0-30%)
2006-03-31,0.0,0.0017694097846053072,0.0,0.023458101854236864,0.016503980335331958,1.8236353606660243,1.2210665663559757,Low (0-30%)
2006-04-30,0.0,0.01990174586538867,0.0,0.024267012868719386,0.012631332447357035,1.8678895434311586,1.2364902640959707,Low (0-30%)
2006-05-31,0.0,0.06640872986351609,0.0,-0.05515922838682861,-0.030120536746296778,1.7648581975036703,1.1992465136598298,Low (0-30%)
2006-06-30,0.0,0.0234730057080979,0.0,0.004907083556737212,0.0026080742445975247,1.7735185041446135,1.2023742376050295,Low (0-30%)
2006-07-31,0.0,0.0037813196301401176,0.0,0.017632592179592545,0.004478401412538524,1.8047902326511565,1.2077589520891199,Low (0-30%)
2006-08-31,0.0,0.02483412562717321,0.0,0.023505483319517923,0.02182276587230292,1.847212699359967,1.2341155929307386,Low (0-30%)
2006-09-30,0.0,0.027533424924043672,0.0,0.01104703576402467,0.02700137488646126,1.867618924113557,1.267438410708689,Low (0-30%)
2006-10-31,0.0,0.12951593058543906,0.0,0.03626168875428747,0.03151643491699563,1.93534194025138,1.3073835508910896,Low (0-30%)
2006-11-30,0.0,0.10240884016437045,0.0,0.030493966600522997,0.019885774366117825,1.9943581927379972,1.3333818851940837,Low (0-30%)
2006-12-31,0.0,0.005002038520476004,0.0,0.018184846860644675,0.013370742022879467,2.0306252910582097,1.3512101903989946,Low (0-30%)
2007-01-31,0.0,0.001003686311828161,0.0,0.01950020335084765,0.015040079477492307,2.0702228971632186,1.371532499053393,Low (0-30%)
2007-02-28,0.0,0.003952585023972178,0.0,-0.013961565069620832,-0.019616962028498608,2.041319345475855,1.3446271980986109,Low (0-30%)
2007-03-31,0.0,0.001248986643283248,0.0,0.013864567796846425,0.0115886099510345,2.0696213559362193,1.360209558226928,Low (0-30%)
2007-04-30,0.0,0.0004876084003223034,0.0,0.029394998318065184,0.044295861982134976,2.1304578722129963,1.4204612130849288,Low (0-30%)
2007-05-31,0.0,0.0008884938843810186,0.0,0.016332590530560367,0.033920012022956136,2.16525376828246,1.4686432745109124,Low (0-30%)
2007-06-30,0.0,0.002310144295308278,0.0,-0.008642350365658642,-0.014620694851668281,2.1465408865864006,1.4471706893483334,Low (0-30%)
2007-07-31,1.0,0.9887409545044171,1.0,0.004226359646192326,-0.031310390892871465,2.1556129403683713,1.4018592093761308,Very High (70-100%)
2007-08-31,1.0,0.9970144884642529,1.0,-0.00631496066484929,0.012832782811312393,2.142000329441305,1.4198489641420928,Very High (70-100%)
2007-09-30,0.0,0.10139507992179461,0.0,0.04646367103397133,0.03871455937193091,2.241525528103124,1.4748177911635465,Low (0-30%)
2007-10-31,0.0,0.10694756359386322,0.0,0.036747068891363685,0.013566126414476853,2.32389502110608,1.4948253557567908,Low (0-30%)
2007-11-30,1.0,0.9858859224708068,1.0,-0.015185858430170302,-0.03873245029289274,2.2886046803089855,1.436927106968385,Very High (70-100%)
2007-12-31,0.0,0.021155914450492575,0.0,-0.012551209397457512,-0.01126010535169486,2.2598799237384264,1.420747156361215,Low (0-30%)
2008-01-31,1.0,0.6119847352811122,0.7799618382027804,-0.009441454347725784,-0.06046124884682702,2.238543370607108,1.3348470089920377,High (50-70%)
2008-02-29,1.0,0.9966505332737562,1.0,0.02507448841749078,-0.02584259288044566,2.2946737004254465,1.3003511011809759,Very High (70-100%)
2008-03-31,1.0,0.6113317026523212,0.7783292566308029,-0.02000263796066119,-0.008941947833133623,2.248774173157986,1.2887234294694576,High (50-70%)
2008-04-30,1.0,0.557170039336206,0.642925098340515,0.01817443080225231,0.04766172643623512,2.2896443637579376,1.3501462130167976,High (50-70%)
2008-05-31,1.0,0.518822554794866,0.5470563869871651,0.010117838195793984,0.01511676759675784,2.3128106149563523,1.3705560595406152,High (50-70%)
2008-06-30,1.0,0.9799986053859944,1.0,-0.0010933379170873724,-0.08357591003924114,2.3102819314159784,1.256010589604712,Very High (70-100%)
2008-07-31,1.0,0.989567544373915,1.0,-0.025442279344747857,-0.008985745447767202,2.2515030931517694,1.2447243981668241,Very High (70-100%)
2008-08-31,0.0,0.08463947693013155,0.0,-0.028014839737933155,0.015453801847894466,2.1884275948276617,1.263960122371334,Low (0-30%)
2008-09-30,1.0,0.9790860106205941,1.0,-0.0259547819662774,-0.09417376930289079,2.131627433754925,1.1449282333990822,Very High (70-100%)
2008-10-31,1.0,0.9816260021591418,1.0,-0.060904137194944814,-0.16518696370723074,2.001802504081007,0.9558010148612043,Very High (70-100%)
2008-11-30,1.0,0.8659839178761713,1.0,0.03942159797138962,-0.06960623475143835,2.080716757615009,0.8892713050451123,Very High (70-100%)
2008-12-31,1.0,0.9453434090408718,1.0,0.0620474374662318,0.0097960655312197,2.209819900518067,0.8979826650243675,Very High (70-100%)
2009-01-31,1.0,0.9622599700336778,1.0,-0.029823910380059975,-0.08211380197885498,2.143914429848943,0.8242458942881121,Very High (70-100%)
2009-02-28,1.0,0.991221929588288,1.0,0.00023430084142442146,-0.10744922344576913,2.144416750803799,0.7356813130184909,Very High (70-100%)
2009-03-31,1.0,0.9775895244271754,1.0,0.00995367494771876,0.08330994131450531,2.165761578093743,0.7969708800322396,Very High (70-100%)
2009-04-30,1.0,0.36149536355987444,0.15373840889968612,0.06824702294863315,0.09934686407324977,2.3135683582151745,0.8761474377211408,Med (30-50%)
2009-05-31,1.0,0.9388147997266564,1.0,-0.00976886933303978,0.05845361979874508,2.290967411230715,0.927361426933337,Very High (70-100%)
2009-06-30,1.0,0.9769591718570021,1.0,-0.0022327442594649097,-0.0006550848554733868,2.2858522668946684,0.9267539265070028,Very High (70-100%)
2009-07-31,1.0,0.4272206881096905,0.31805172027422624,0.04400916611187021,0.07460587830892695,2.386450719015631,0.9958952171703045,Med (30-50%)
2009-08-31,0.0,0.16871233133363642,0.0,0.02350760896610921,0.036939625219954086,2.4425504693351408,1.0326832132509203,Low (0-30%)
2009-09-30,0.0,0.0053324833642358896,0.0,0.04102336548766228,0.03545706321348807,2.5427521099607375,1.0692991272226662,Low (0-30%)
2009-10-31,0.0,0.02937907203447807,0.0,-0.017452242883252488,-0.019224885946907855,2.4983753825457997,1.0487419734586823,Low (0-30%)
2009-11-30,0.0,0.339479257531947,0.09869814382986758,0.03386563532868908,0.06160642580559039,2.58298445216527,1.113351218035773,Med (30-50%)
2009-12-31,1.0,0.26369812637023793,0.0,0.01628324877535485,0.019100912946663717,2.6250438305827504,1.1346172427305363,Low (0-30%)
2010-01-31,0.0,0.03972418449916511,0.0,-0.020522307153106364,-0.036342272368931616,2.5711718748011645,1.093382673860737,Low (0-30%)
2010-02-28,0.0,0.060397185252988275,0.0,0.01357421399787342,0.031194532856186896,2.606073512055029,1.1274902356048713,Low (0-30%)
2010-03-31,0.0,0.003950377016194351,0.0,0.031006019414771588,0.0608797773062435,2.6868774779661293,1.19613159006346,Low (0-30%)
2010-04-30,0.0,0.0278248382979544,0.0,0.006051665450265211,0.01547024827117549,2.7031375615686324,1.2146360427267375,Low (0-30%)
2010-05-31,1.0,0.9311048769511057,1.0,0.014431770863775773,-0.07945486775723487,2.7421486234704564,1.1181272965787135,Very High (70-100%)
2010-06-30,1.0,0.9635464053801699,1.0,0.012362139694484369,-0.0517407321547223,2.776047447816836,1.0602745716115505,Very High (70-100%)
2010-07-31,0.0,0.09542899012710727,0.0,0.03394114754136138,0.0683008588149503,2.8702696838250072,1.1326922354322728,Low (0-30%)
2010-08-31,1.0,0.9537974316163579,1.0,0.03193154380185301,-0.04498071889060229,2.961921825957196,1.081742924400726,Very High (70-100%)
2010-09-30,0.0,0.039583498565156985,0.0,0.032087585206437244,0.08955455044369742,3.056962744922404,1.1786179256910836,Low (0-30%)
2010-10-31,0.0,0.006047870184320551,0.0,0.01949032358658251,0.038202241286440675,3.116543938013069,1.2236437720728586,Low (0-30%)
2010-11-30,0.0,0.16182377057509925,0.0,-0.0006707512890429005,0.0,3.114453512149288,1.2236437720728586,Low (0-30%)
2010-12-31,0.0,0.0031334814726699228,0.0,0.025166989253457287,0.06685205985021092,3.192834930219942,1.3054468787588112,Low (0-30%)
2011-01-31,0.0,0.00891979947703745,0.0,0.003668574602919042,0.023300173364714682,3.2045480833562596,1.335864017352317,Low (0-30%)
2011-02-28,0.0,0.013538601942936376,0.0,0.026917583514199605,0.03473757092860352,3.2908067740152704,1.3822686884060624,Low (0-30%)
2011-03-31,0.0,0.005573544264511657,0.0,0.0025121922907856515,0.0001200116830291087,3.2990739134234164,1.3824345767977564,Low (0-30%)
2011-04-30,0.0,0.1261380339070616,0.0,0.024894823648317303,0.02896145974042663,3.3812037767008563,1.4224719001374584,Low (0-30%)
2011-05-31,0.0,0.06147959633141495,0.0,-0.016430437982250433,-0.011214514324968339,3.325649117742422,1.406519568636502,Low (0-30%)
2011-06-30,0.0,0.36241293291131743,0.1560323322782936,-0.01742762681452516,-0.016869589609378455,3.267690946002352,1.382792160736044,Med (30-50%)
2011-07-31,0.0,0.24587917095979733,0.0,0.007676009411972766,-0.020004726983836485,3.292773772459284,1.3551297810851302,Low (0-30%)
2011-08-31,1.0,0.9870212084040942,1.0,0.02626644393455228,-0.05497559238792693,3.37926323014275,1.2806307186074535,Very High (70-100%)
2011-09-30,1.0,0.9855134091422488,1.0,0.03730825918996488,-0.06942099209948405,3.505337658604034,1.191728063608649,Very High (70-100%)
2011-10-31,1.0,0.9952927459772479,1.0,-0.023124133264585657,0.1091473371290057,3.424279763449104,1.3218020083334392,Very High (70-100%)
2011-11-30,1.0,0.7529099696801748,1.0,0.011258774972760194,-0.004063849514174933,3.4628329587495537,1.316430403884038,Very High (70-100%)
2011-12-31,0.0,0.9624418294439242,1.0,0.014147277511117879,0.010448323679333127,3.5118226175916285,1.3301848948451336,Very High (70-100%)
2012-01-31,0.0,0.0848634108988393,0.0,0.018197400910185083,0.04637455993276318,3.575728661689399,1.3918716339727855,Low (0-30%)
2012-02-29,0.0,0.137453816795984,0.0,0.02565891157953835,0.04340511128174085,3.667477967252108,1.4522859771352727,Low (0-30%)
2012-03-31,0.0,0.0059108321879639365,0.0,-0.005132799992816205,0.032164309875931885,3.6486535363681427,1.4989977533323222,Low (0-30%)
2012-04-30,0.0,0.0822461281014847,0.0,0.0034333971722132813,-0.006675644379282808,3.661180813102295,1.4889909774057317,Low (0-30%)
2012-05-31,0.0,0.8267561173822899,1.0,0.04543860997108694,-0.06005605715447648,3.827539780102477,1.3995680501641532,Very High (70-100%)
2012-06-30,0.0,0.019109796654565785,0.0,0.023333502018055,0.04058114702625315,3.916849687285684,1.4563641269811112,Low (0-30%)
2012-07-31,0.0,0.12134163589601216,0.0,0.016576205767186405,0.011829692965261263,3.981776193661271,1.4735924674489185,Low (0-30%)
2012-08-31,0.0,0.012449605664050022,0.0,0.015488982732259021,0.025052542767311614,4.0434498563686105,1.5105097057612709,Low (0-30%)
2012-09-30,0.0,0.0051903252246394875,0.0,0.019882415581276888,0.02535095454935621,4.123843406794986,1.5488025686583862,Low (0-30%)
2012-10-31,0.0,0.005066830611649762,0.0,-0.004823306296645096,-0.018198213017448617,4.103952846924614,1.5206171295919693,Low (0-30%)
2012-11-30,0.0,0.05903017339771349,0.0,0.011333960857776847,0.005659723987729848,4.15046688785382,1.5292234028364737,Low (0-30%)
2012-12-31,0.0,0.014715145658187555,0.0,-0.006187675875177663,0.008934687768581417,4.124785144021123,1.5428865364692252,Low (0-30%)
2013-01-31,0.0,0.008240315330501772,0.0,0.014557642944251957,0.051189839148214844,4.184832293369538,1.6218666500950312,Low (0-30%)
2013-02-28,0.0,0.0066405615005969846,0.0,0.006381603602754529,0.012758948038065432,4.211538234209828,1.642559962408265,Low (0-30%)
2013-03-31,0.0,0.012424614614010506,0.0,0.01768241710832439,0.03797141076979904,4.286008409934782,1.7049302814548948,Low (0-30%)
2013-04-30,0.0,0.01581878730221082,0.0,0.007669040909414791,0.019212085786551203,4.318877983768668,1.737685548282295,Low (0-30%)
2013-05-31,0.0,0.019226740682818134,0.0,-0.00821086434197819,0.023609770354955595,4.283416262534387,1.7787119050263651,Low (0-30%)
2013-06-30,0.0,0.15365064832495043,0.0,-0.022545963686458576,-0.013344938906500126,4.186842515025301,1.7549751033215237,Low (0-30%)
2013-07-31,0.0,0.13102217722403875,0.0,0.03696629076461818,0.051677509452758175,4.341614552821392,1.845667845812777,Low (0-30%)
2013-08-31,0.0,0.005717110142248594,0.0,-0.022904361919311503,-0.02999247179159059,4.242172641789421,1.7903117050105917,Low (0-30%)
2013-09-30,0.0,0.01834302907471144,0.0,0.02508931021427581,0.0316464600593247,4.348605827181789,1.8469687328769508,Low (0-30%)
2013-10-31,0.0,0.0017472438059302413,0.0,0.03292846062827999,0.04630689588912862,4.491798722950054,1.9324961217007597,Low (0-30%)
2013-11-30,0.0,0.004183397145522223,0.0,0.016417003242617283,0.029637490274055045,4.565540597149909,1.9897704567123151,Low (0-30%)
2013-12-31,0.0,0.0088524849695319,0.0,0.016879888222027108,0.02592644625972529,4.642606412102926,2.041358133527456,Low (0-30%)
2014-01-31,0.0,0.03269505696819268,0.0,-0.025122528891334886,-0.035248335812711695,4.525972398383773,1.9694036565228699,Low (0-30%)
2014-02-28,0.0,0.005273280610524226,0.0,0.04053795302642062,0.04551611540743261,4.709446054868332,2.0590432606369844,Low (0-30%)
2014-03-31,0.0,0.0050991484436653375,0.0,0.004023620158724718,0.008295415953464946,4.728395076951126,2.076123880950147,Low (0-30%)
2014-04-30,0.0,0.005241680414083001,0.0,0.005498464429909832,0.006951306743638641,4.754393989092303,2.090555654884425,Low (0-30%)
2014-05-31,0.0,0.013142459553924254,0.0,0.017322969298259456,0.02320624247655978,4.836754210197178,2.1390695963224164,Low (0-30%)
2014-06-30,0.0,0.009347874363305992,0.0,0.015875889935329218,0.020645052194629754,4.913541987682509,2.1832307997864384,Low (0-30%)
2014-07-31,0.0,0.014162427210031123,0.0,-0.013138409593780275,-0.013437782276550458,4.848985860492098,2.1538930196394492,Low (0-30%)
2014-08-31,0.0,0.14296012996071433,0.0,0.030965531266835416,0.039463759635029794,4.999137283767609,2.238893736046069,Low (0-30%)
2014-09-30,0.0,0.025496649908246176,0.0,-0.016940786864061145,-0.013795944909909763,4.91444796453912,2.2080060814044353,Low (0-30%)
2014-10-31,0.0,0.09677863460290102,0.0,0.018433236382399305,0.023550553552597497,5.005037145558471,2.2600058468690114,Low (0-30%)
2014-11-30,0.0,0.7050523414914577,1.0,0.02161268245992415,0.027471987890309357,5.113209424085551,2.322092700126225,Very High (70-100%)
2014-12-31,0.0,0.17033580301699305,0.0,-0.0031998274545171814,-0.002536513110222627,5.096848036189666,2.3162026815492025,Low (0-30%)
2015-01-31,1.0,0.5284094453306725,0.5710236133266812,0.024283427150556067,-0.02962928034822976,5.220616974173932,2.2475752629542596,High (50-70%)
2015-02-28,0.0,0.05993249591942015,0.0,0.046515498244456645,0.05620455107457056,5.463456573871101,2.3738992216149137,Low (0-30%)
2015-03-31,0.0,0.01663609135895767,0.0,-0.005222477459667353,-0.01570541841066231,5.434923795062188,2.336616141074706,Low (0-30%)
2015-04-30,0.0,0.005598211782397487,0.0,0.0019413894609631396,0.00983373264970644,5.44547509883906,2.3595937995110234,Low (0-30%)
2015-05-31,0.0,0.0019176700713255364,0.0,0.01049167604319932,0.01285618801552646,5.502607259477387,2.3899291810378074,Low (0-30%)
2015-06-30,0.0,0.006706946107022233,0.0,-0.017576623827828975,-0.020312279714828296,5.405890001605273,2.3413842710139368,Low (0-30%)
2015-07-31,0.0,0.03600361975186175,0.0,0.014552152456582356,0.02258911673641939,5.484557337072147,2.3942740736366868,Low (0-30%)
2015-08-31,1.0,0.986410380658789,1.0,-0.00575445153695286,-0.06094965149885545,5.452996717674326,2.248343903255786,Very High (70-100%)
2015-09-30,0.0,0.9521367406082217,1.0,0.014618335496421038,-0.02551625009790981,5.532710453154173,2.1909745979142006,Very High (70-100%)
2015-10-31,0.0,0.30435625291580726,0.01089063228951817,0.06837687712268675,0.08505976681274952,5.9110199159649,2.37733838630544,Med (30-50%)
2015-11-30,0.0,0.061907074269830505,0.0,0.007442583702333447,0.0036553448617397954,5.955013176455629,2.3860283779604385,Low (0-30%)
2015-12-31,0.0,0.31854290565933263,0.046357264148331606,-0.01824843942286512,-0.017282584336259954,5.846343479242715,2.344791641289628,Med (30-50%)
2016-01-31,0.0,0.32445622401161595,0.06114056002903989,-0.05048668475655204,-0.04978676663196058,5.551180979027665,2.2280520470441694,Med (30-50%)
2016-02-29,0.0,0.1412415789464304,0.0,0.005703949864916987,-0.0008260876535061135,5.582844637023119,2.2262114807567372,Low (0-30%)
2016-03-31,0.0,0.06762617828546238,0.0,0.06466471015198941,0.06726574383668682,5.943857667299809,2.375959251947611,Low (0-30%)
2016-04-30,0.0,0.030406233500392784,0.0,0.004358127552073759,0.003941437086942612,5.969761757165272,2.3853239458603017,Low (0-30%)
2016-05-31,0.0,0.00744100948334935,0.0,0.019612967945911546,0.01701149719766959,6.086846503153283,2.4259018774808383,Low (0-30%)
2016-06-30,0.0,0.10758220731501167,0.0,0.012272587776787457,0.0034760430980322887,6.1615478611470635,2.434334416958559,Low (0-30%)
2016-07-31,0.0,0.0048323599886720345,0.0,0.0266918209960523,0.036471080535588785,6.32601079371541,2.52311722353001,Low (0-30%)
2016-08-31,0.0,0.003085610849167228,0.0,-0.0035921264297239406,0.001197609102221886,6.303286963148586,2.5261389316828824,Low (0-30%)
2016-09-30,0.0,0.009786862323535426,0.0,-0.0016854269532914773,5.802714885971838e-05,6.292663233406564,2.5262855163227114,Low (0-30%)
2016-10-31,0.0,0.05540965642235893,0.0,-0.019074056912398094,-0.017336770520519074,6.172636616762013,2.4824878840569133,Low (0-30%)
2016-11-30,0.0,0.05590352246906722,0.0,0.024335040920710906,0.03683822231174516,6.322847981419594,2.573938324616016,Low (0-30%)
2016-12-31,0.0,0.008156539937377708,0.0,0.018097342141575667,0.02027187556698906,6.437274724648516,2.626116882049736,Low (0-30%)
2017-01-31,0.0,0.0027380014749771543,0.0,0.016509260513883076,0.01789431322100077,6.543549370077173,2.673109440092092,Low (0-30%)
2017-02-28,0.0,0.0033020209056117255,0.0,0.031417306827618625,0.039291768671392724,6.749130068378558,2.7781406378455062,Low (0-30%)
2017-03-31,0.0,0.006911297349194221,0.0,-4.293193356638816e-05,0.0012501252206038593,6.7488403151748315,2.7816136615232616,Low (0-30%)
2017-04-30,0.0,0.009194820813157334,0.0,0.008285916622350146,0.009926242518967898,6.804760643323926,2.809224633321616,Low (0-30%)
2017-05-31,0.0,0.009036625206059839,0.0,0.009295524297531017,0.014112564656038717,6.868014461222826,2.848869997592704,Low (0-30%)
2017-06-30,0.0,0.004142463431299923,0.0,0.00719323071202555,0.006375246959200442,6.917417673775929,2.8670322473820145,Low (0-30%)
2017-07-31,0.0,0.002828634976592833,0.0,0.025015305453907895,0.020554038008299802,7.090458989837695,2.9259613371657256,Low (0-30%)
2017-08-31,0.0,0.03478579637790228,0.0,0.005040477145727486,0.0029178170083075106,7.12619828632869,2.934498756920958,Low (0-30%)
2017-09-30,0.0,0.0026188367131765923,0.0,0.02331572046900568,0.020149236037536156,7.292350733579438,2.9936266650260146,Low (0-30%)
2017-10-31,0.0,0.0029845863257715903,0.0,0.026174312590628773,0.023564094967277294,7.483223001200648,3.0641687680572613,Low (0-30%)
2017-11-30,0.0,0.00349568008410561,0.0,0.025109918253036212,0.030565779589524444,7.6711261190300375,3.1578274752468043,Low (0-30%)
2017-12-31,0.0,0.003273785364198791,0.0,0.006947755007575323,0.012128031403090267,7.72442322393727,3.196125706032139,Low (0-30%)
2018-01-31,0.0,0.006666135788943526,0.0,0.05688986091180161,0.05635951137446793,8.163864586770952,3.3762577891154866,Low (0-30%)
2018-02-28,0.0,0.4460168973755911,0.36504224343897773,-0.013874148842778395,-0.036360727860298314,8.050597914361804,3.253494598459246,Med (30-50%)
2018-03-31,0.0,0.07171537065484959,0.0,-0.01698254245665226,-0.027410662755172788,7.913878293479718,3.1643141552451035,Low (0-30%)
2018-04-30,0.0,0.014542986861983407,0.0,0.00017115348839578392,0.0051684870268144945,7.915232781356386,3.180668871905253,Low (0-30%)
2018-05-31,0.0,0.012898001547971993,0.0,0.025656263032535445,0.024309057315211824,8.118308075558613,3.257987933813108,Low (0-30%)
2018-06-30,0.0,0.0028799482458305675,0.0,0.003943086622603219,0.005750660199846047,8.150319267529518,3.2767235153556658,Low (0-30%)
2018-07-31,0.0,0.0011438525178591832,0.0,0.025013841862270333,0.03704711119142434,8.354190064814516,3.398116655772602,Low (0-30%)
2018-08-31,0.0,0.0053901111910873625,0.0,0.03575884886242745,0.03191951433300533,8.65292628471021,3.5065828890717596,Low (0-30%)
2018-09-30,0.0,0.0030592479283709398,0.0,0.0010460270431040916,0.005945404022526857,8.661977479606003,3.527430941085771,Low (0-30%)
2018-10-31,0.0,0.12941023956352088,0.0,-0.06292151145724512,-0.06910398086614589,8.116952764380574,3.283671420826329,Low (0-30%)
2018-11-30,0.0,0.09078748098887753,0.0,0.014218388341033941,0.018549058934853146,8.232362750930365,3.3445804355339295,Low (0-30%)
2018-12-31,1.0,0.6811193868235947,0.9527984670589869,0.04926043794642751,-0.0880488547130317,8.63789254537505,3.0500939586895544,High (50-70%)
2019-01-31,1.0,0.7366790928205139,1.0,-0.027523010768610422,0.08006598305478252,8.400151735830594,3.294302729901487,Very High (70-100%)
2019-02-28,0.0,0.003317584113550468,0.0,0.0296055478933955,0.03241594691114713,8.648842830357514,3.4010906723032206,Low (0-30%)
2019-03-31,0.0,0.03897427134272605,0.0,0.01387022909294925,0.01810018997687446,8.768804261803485,3.4626510596004847,Low (0-30%)
2019-04-30,0.0,0.003135923155320341,0.0,0.028788797451996823,0.04085278115432023,9.021247591592752,3.6041099855521184,Low (0-30%)
2019-05-31,0.0,0.054882509554212436,0.0,-0.04888826051262581,-0.06377134309740107,8.580214489186067,3.374271051102705,Low (0-30%)
2019-06-30,0.0,0.10987888033754097,0.0,0.058128100718344726,0.06958653130751458,9.078966061198477,3.6090748692403034,Low (0-30%)
2019-07-31,0.0,0.0022723837201263026,0.0,0.013022222188585335,0.015119175240747351,9.19719437449003,3.663641104645325,Low (0-30%)
2019-08-31,0.0,0.04560105311881661,0.0,-0.00905893457346176,-0.016743158377118705,9.113877592392114,3.602300181393326,Low (0-30%)
2019-09-30,0.0,0.014154209633835018,0.0,0.012045975300033375,0.019458205521428518,9.2236631367576,3.6723944786727567,Low (0-30%)
2019-10-31,0.0,0.0036744601008765524,0.0,0.011831734609472575,0.02210451775712574,9.33279507111889,3.753570987637749,Low (0-30%)
2019-11-30,0.0,0.004945336045820567,0.0,0.026077252368609784,0.03619794966839862,9.576168723492973,3.889442561325022,Low (0-30%)
2019-12-31,0.0,0.003184288287210132,0.0,0.018352271677342512,0.02905551013553076,9.751913173534586,4.002452299087166,Low (0-30%)
2020-01-31,1.0,0.27955380407950675,0.0,0.0051942457421756925,-0.00040327343723800535,9.802567007014284,4.000838216391132,Low (0-30%)
2020-02-29,1.0,0.9445509478251511,1.0,0.05420514564217857,-0.07916605860547121,10.333916579296709,3.684107623681302,Very High (70-100%)
2020-03-31,1.0,0.983744881791709,1.0,0.14205785863915774,-0.12487143032467873,11.801930639907289,3.2240678352421646,Very High (70-100%)
2020-04-30,1.0,0.9911406774359295,1.0,-0.008038229099526006,0.12698332297333415,11.707064017606998,3.633470682452659,Very High (70-100%)
2020-05-31,1.0,0.9178257047429393,1.0,-0.012882698057183218,0.04764561276389356,11.556245446732053,3.806589619577758,Very High (70-100%)
2020-06-30,1.0,0.922199967557463,1.0,-0.0012489585880877917,0.017734348805320543,11.541812174735306,3.8740970076500627,Very High (70-100%)
2020-07-31,1.0,0.7204702138630243,1.0,-0.028593732889580035,0.05889202492815482,11.21178868034922,4.10225042519868,Very High (70-100%)
2020-08-31,0.0,0.011823114050596,0.0,0.04444898909095881,0.06979660623539297,11.710141353092197,4.388573582805246,Low (0-30%)
2020-09-30,0.0,0.10670951934958119,0.0,-0.022087000959636303,-0.03744356922239678,11.451499449788972,4.224249724069896,Low (0-30%)
2020-10-31,1.0,0.482183657745569,0.4554591443639225,-0.007268081140385994,-0.02493351629263818,11.36826902260882,4.118924324750627,Med (30-50%)
2020-11-30,0.0,0.12048389754608496,0.0,0.08089250430187751,0.1087769446935054,12.287876773425104,4.56696832822076,Low (0-30%)
2020-12-31,0.0,0.007425838059931871,0.0,0.026301586122171306,0.03704836883183815,12.611067422639973,4.736167055288006,Low (0-30%)
2021-01-31,0.0,0.11542478730223427,0.0,-0.00876117183271841,-0.01019050239527286,12.500579693956228,4.687903133566682,Low (0-30%)
2021-02-28,1.0,0.4727652570901469,0.43191314272536724,-0.018213387737752794,0.02780553792470597,12.272901789043523,4.818252801934418,Med (30-50%)
2021-03-31,1.0,0.5974699525999895,0.7436748814999736,-0.06150705926958449,0.04539944166059362,11.518031691295034,5.0369987889218315,High (50-70%)
2021-04-30,0.0,0.08918766913712382,0.0,0.03599186374624565,0.05291044934566114,11.932587118553066,5.303508658197236,Low (0-30%)
2021-05-31,0.0,0.012257788582060699,0.0,0.005133626621826244,0.00656597959294114,11.99384456545213,5.338331387817946,Low (0-30%)
2021-06-30,1.0,0.38779116388010904,0.21947790970027262,0.0037075138857220516,0.02242733624273785,12.038311910721736,5.4580559408277,Med (30-50%)
2021-07-31,0.0,0.027704897127266224,0.0,0.015319079401067774,0.024412618531076014,12.222727766736902,5.5913013784324,Low (0-30%)
2021-08-31,0.0,0.007025725053995535,0.0,0.019702300118281713,0.029759773678050605,12.463543617461207,5.7576972420203205,Low (0-30%)
2021-09-30,0.0,0.15614304919584712,0.0,-0.03096482715860217,-0.04660563654314609,12.077612143562822,5.489356097033247,Low (0-30%)
2021-10-31,1.0,0.3688682743352769,0.1721706858381923,0.026800570658961183,0.07016382817974676,12.401299041207904,5.874510335042933,Med (30-50%)
2021-11-30,1.0,0.2785466082985062,0.0,-0.013215785744100345,-0.00803482575524661,12.237406130130784,5.827309668103467,Low (0-30%)
2021-12-31,1.0,0.36060105848926566,0.15150264622316417,0.01944153721122983,0.04624771950743978,12.475320116778652,6.096809451116909,Med (30-50%)
2022-01-31,1.0,0.6736055710721902,0.9340139276804755,0.023859684361625104,-0.05274126350767627,12.772977317075222,5.77525601729946,High (50-70%)
2022-02-28,1.0,0.8880668672314388,1.0,0.03198440434750327,-0.029517035881642673,13.181513388306044,5.604787578211159,Very High (70-100%)
2022-03-31,1.0,0.8058866287595107,1.0,-0.03085895880904587,0.03759041825291143,12.77474560961542,5.815473887494839,Very High (70-100%)
2022-04-30,1.0,0.9602476089981044,1.0,0.05050236223236412,-0.08776916333302964,13.419900439818521,5.305054610004336,Very High (70-100%)
2022-05-31,1.0,0.7020490157069499,1.0,-0.044969360899259396,0.0022573463578943187,12.816416093708192,5.31702995570666,Very High (70-100%)
2022-06-30,1.0,0.8215633590048368,1.0,0.012844276271078085,-0.08246035068721491,12.981033682820872,4.878585800944662,Very High (70-100%)
2022-07-31,1.0,0.8666912075347204,1.0,-0.053153912871338305,0.09208740784915581,12.291040949464303,5.3278421213233536,Very High (70-100%)
2022-08-31,1.0,0.8816860573078608,1.0,-0.008031536205791192,-0.04080201094069791,12.19232500907182,5.110455448798807,Very High (70-100%)
2022-09-30,1.0,0.966263115495632,1.0,0.039802999183774807,-0.09244581707644306,12.67761611145622,4.638015219201841,Very High (70-100%)
2022-10-31,1.0,0.9561970713434333,1.0,-0.0616019724280279,0.08127551160763957,11.896649953305172,5.014972278986489,Very High (70-100%)
2022-11-30,1.0,0.45652560804298503,0.3913140201074626,0.005727086704795225,0.055591358142096814,11.964783099084348,5.2937613990203145,Med (30-50%)
2022-12-31,0.0,0.016427207992664766,0.0,-0.028576234210109307,-0.05762819002316533,11.622874654971756,4.988691511180274,Low (0-30%)
2023-01-31,1.0,0.30978703541517344,0.024467588537933627,0.026717046458073563,0.06288756063116496,11.933403537105002,5.302418151059801,Med (30-50%)
2023-02-28,0.0,0.08918016858958712,0.0,-0.018716565387159993,-0.02514281104212268,11.710051209511409,5.169100453421383,Low (0-30%)
2023-03-31,1.0,0.6180624106307008,0.7951560265767519,-0.015073994698307109,0.03707778537715245,11.53353395966233,5.360759250626283,High (50-70%)
2023-04-30,0.0,0.0043802936864407145,0.0,0.013297439604723986,0.01597513929075811,11.686900430919975,5.4463981263592585,Low (0-30%)
2023-05-31,0.0,0.03510748466891666,0.0,-0.012065392531664679,0.004616252629995543,11.545893389742444,5.471540076034067,Low (0-30%)
2023-06-30,0.0,0.011529990743833065,0.0,0.039616606673329086,0.06479966644089807,12.003302506856059,5.826094047879081,Low (0-30%)
2023-07-31,0.0,0.014296353690346833,0.0,0.022491342867120137,0.03273318536406933,12.27327289907552,6.016800664296808,Low (0-30%)
2023-08-31,0.0,0.010318277312068722,0.0,-0.010488230983414556,-0.01625208917491372,12.144547977987534,5.919015083352976,Low (0-30%)
2023-09-30,1.0,0.7064806889254998,1.0,0.03355177789642767,-0.04743439776029168,12.552019154397481,5.638250167540045,Very High (70-100%)
2023-10-31,0.0,0.17430286124687308,0.0,-0.013980343924855103,-0.021708612341552525,12.376537609667634,5.515851580368225,Low (0-30%)
2023-11-30,1.0,0.11786647766595049,0.0,0.059139183479837695,0.09134384147609964,13.10847593821088,6.019690652731074,Low (0-30%)
2023-12-31,0.0,0.025824566588003466,0.0,0.03316115453186856,0.04565532312184062,13.543168134475172,6.294521574575035,Low (0-30%)
2024-01-31,0.0,0.023113783048924325,0.0,0.012213454282384007,0.015926459294591355,13.708576999324224,6.394771016211432,Low (0-30%)
2024-02-29,0.0,0.006211786453095509,0.0,0.031812234470193136,0.052186768777821024,14.144677465079424,6.728493452621569,Low (0-30%)
2024-03-31,0.0,0.01625037541744164,0.0,0.025164454162011435,0.03270204845301605,14.500620552785852,6.9485289715250005,Low (0-30%)
2024-04-30,0.0,0.1770170333085915,0.0,-0.02668701156917306,-0.040319621868539435,14.113642324333467,6.668366910850521,Low (0-30%)
2024-05-31,0.0,0.01587191169069604,0.0,0.03042356267483508,0.05057967389848517,14.543029606158031,7.005650734636789,Low (0-30%)
2024-06-30,0.0,0.009396028165841602,0.0,0.0192360636419531,0.035280073236739096,14.822780249208895,7.25281060562579,Low (0-30%)
2024-07-31,1.0,0.2246330950479164,0.0,0.015363791235301547,0.012109134330343219,15.050514350484491,7.34063586352185,Low (0-30%)
2024-08-31,0.0,0.34397684058655015,0.1099421014663754,0.018451936465174786,0.023365784999992645,15.328225485047831,7.512155582872137,Med (30-50%)
2024-09-30,0.0,0.525497219321217,0.5637430483030423,0.027710755162881486,0.02100444533465229,15.752982188545431,7.669944244157978,High (50-70%)
2024-10-31,0.0,0.15842138650952112,0.0,-0.005812928090739343,-0.008923647412617086,15.66141123586872,7.601500366048681,Low (0-30%)
2024-11-30,0.0,0.06306249252326508,0.0,0.04339063098944769,0.05963361507735576,16.34096975157829,8.054805312888007,Low (0-30%)
2024-12-31,1.0,0.5089005378334303,0.5222513445835756,0.0031090321279658405,-0.024060141896325438,16.391774351538064,7.861005554112646,High (50-70%)
2025-01-31,0.0,0.0475521790522326,0.0,0.02503650866262866,0.026856388330323444,16.802167152086202,8.072123771940724,Low (0-30%)
2025-02-28,0.0,0.1938196088760136,0.0,0.0005294260495939842,-0.012694879396753067,16.81106265706615,7.9696491341802735,Low (0-30%)
2025-03-31,0.0,0.15111004026146238,0.0,-0.026269321600650933,-0.055719174292190976,16.369447445678983,7.525586865025274,Low (0-30%)
2025-04-30,1.0,0.7994405939900391,1.0,0.05633418490936752,-0.00867014376643227,17.291606924948034,7.460338944978731,Very High (70-100%)
2025-05-31,0.0,0.03497765021502281,0.0,0.03176883791022041,0.06284483157507648,17.84094118255395,7.929182689468903,Low (0-30%)
2025-06-30,0.0,0.08276271809136065,0.0,0.025943515954057625,0.05138622856489983,18.303797924758943,8.3366334834828,Low (0-30%)
2025-07-31,0.0,0.015098094336358512,0.0,0.007914654330625295,0.023031507002519103,18.448666158271024,8.528638715935069,Low (0-30%)
2025-08-31,0.0,0.03640628570418723,0.0,0.015113986139192497,0.020519557405096478,18.72749904287372,8.703642607654027,Low (0-30%)
2025-09-30,1.0,0.09652033507463804,0.0,0.01813156991699038,0.03562036495851717,19.067058001139955,9.013669533807164,Low (0-30%)
2025-10-31,0.0,,0.5,0.008284865826790944,0.0238374088945974,19.225026018391038,9.2285320601253,
2025-11-30,,,0.5,0.006909623255315862,-0.02848721922606534,19.357863705251766,8.965636844193739,
