Date,PX_LAST,PX_OPEN
9/15/2025,13.69,13.712
9/12/2025,13.766,13.793
9/11/2025,13.8089,13.869
9/10/2025,13.83695,13.895
9/9/2025,13.8862,13.906
9/8/2025,13.9013,13.936
9/5/2025,13.9132,14.094
9/4/2025,14.07835,14.062
9/3/2025,14.0882,14.068
9/2/2025,14.0838,13.952
9/1/2025,13.97635,13.935
8/29/2025,13.9292,13.909
8/28/2025,13.91485,14.067
8/27/2025,14.0724,14.024
8/26/2025,14.0246,14.025
8/25/2025,14.0214,14.065
8/22/2025,14.07935,14.192
8/21/2025,14.15295,13.996
8/20/2025,14.0328,14.02
8/19/2025,14.0882,13.922
8/18/2025,13.92265,13.743
8/15/2025,13.7519,13.836
8/14/2025,13.8075,13.766
8/13/2025,13.78925,13.765
8/12/2025,13.77295,13.772
8/11/2025,13.7608,13.83
8/8/2025,13.8451,13.812
8/7/2025,13.8174,13.951
8/6/2025,13.9457,14.009
8/5/2025,13.9838,13.9
8/4/2025,13.90055,14.021
8/1/2025,14.02915,14.062
7/31/2025,14.06705,13.994
7/30/2025,13.98585,13.96
7/29/2025,13.9487,14.123
7/28/2025,14.13425,14.164
7/25/2025,14.1529,14.12
7/24/2025,14.1351,14.051
7/23/2025,14.0534,14.037
7/22/2025,13.97405,14.07
7/21/2025,14.0764,14.141
7/18/2025,14.12175,14.082
7/17/2025,14.0691,14.201
7/16/2025,14.1976,14.116
7/15/2025,14.1067,13.944
7/14/2025,13.9525,13.882
7/11/2025,13.86235,13.892
7/10/2025,13.86895,13.888
7/9/2025,13.9431,13.744
7/8/2025,13.7448,13.735
7/7/2025,13.7297,13.577
7/4/2025,13.58615,13.576
7/3/2025,13.5804,13.434
7/2/2025,13.4822,13.466
7/1/2025,13.47865,13.466
6/30/2025,13.51635,13.803
6/27/2025,13.82245,13.869
6/26/2025,13.86665,13.942
6/25/2025,13.9385,13.937
6/24/2025,13.92115,13.854
6/23/2025,13.8647,13.827
6/20/2025,13.82805,13.988
6/18/2025,13.9714,14.061
6/17/2025,13.96635,13.895
6/16/2025,13.92,13.956
6/13/2025,13.9646,13.981
6/12/2025,13.99105,13.963
6/11/2025,13.96755,13.966
6/10/2025,13.9856,14.087
6/9/2025,14.0742,14.051
6/6/2025,14.0813,14.207
6/5/2025,14.16265,13.968
6/4/2025,13.9777,14.011
6/3/2025,14.00005,14.085
6/2/2025,14.03035,14.022
5/30/2025,14.02125,13.981
5/29/2025,13.9672,13.968
5/28/2025,13.97935,13.906
5/27/2025,13.9321,14.066
5/26/2025,14.06235,14.119
5/23/2025,14.1215,14.027
5/22/2025,14.1504,14.259
5/21/2025,14.2047,14.083
5/20/2025,14.0757,13.973
5/19/2025,14.0013,14.015
5/16/2025,14.01215,13.99
5/15/2025,13.99635,14.142
5/14/2025,14.15095,13.993
5/13/2025,14.002,13.861
5/12/2025,13.84955,13.766
5/9/2025,13.76095,13.858
5/8/2025,13.85865,13.922
5/7/2025,13.89795,13.971
5/6/2025,13.97795,14.107
5/5/2025,14.0996,14.066
5/2/2025,14.0628,14.09
4/30/2025,14.0721,14.214
4/29/2025,14.218,14.263
4/28/2025,14.26255,14.263
4/25/2025,14.28325,14.299
4/24/2025,14.30615,14.55
4/23/2025,14.5621,14.676
4/22/2025,14.69635,14.592
4/17/2025,14.5597,14.64
4/16/2025,14.6492,14.648
4/15/2025,14.6472,14.603
4/14/2025,14.609,14.878
4/11/2025,14.80365,15.035
4/10/2025,15.14415,14.959
4/9/2025,14.94475,14.929
4/8/2025,14.92805,14.873
4/7/2025,14.85755,14.792
4/4/2025,14.72215,14.708
4/3/2025,14.73605,14.965
4/2/2025,14.9876,14.939
4/1/2025,14.9415,15.058
3/31/2025,15.0776,15.108
3/28/2025,15.11975,15.075
3/27/2025,15.0934,15.145
3/26/2025,15.1498,15.071
3/25/2025,15.05615,15.017
3/24/2025,15.04765,14.816
3/21/2025,14.8374,14.814
3/20/2025,14.8296,14.559
3/19/2025,14.5181,14.596
3/18/2025,14.6114,14.751
3/17/2025,14.73255,14.792
3/14/2025,14.80935,14.782
3/13/2025,14.77845,14.921
3/12/2025,14.91885,14.775
3/11/2025,14.776,14.91
3/10/2025,14.9169,14.803
3/7/2025,14.82895,15.137
3/6/2025,15.11945,15.009
3/5/2025,14.99715,15.246
2/28/2025,15.2619,15.107
2/27/2025,15.10545,15.09
2/26/2025,15.08815,14.79
2/25/2025,14.7887,14.802
2/24/2025,14.8092,14.635
2/21/2025,14.6481,14.672
2/20/2025,14.6907,14.582
2/19/2025,14.5853,14.415
2/18/2025,14.42225,14.427
2/17/2025,14.42905,14.579
2/14/2025,14.5562,14.891
2/13/2025,14.90955,14.993
2/12/2025,14.9882,14.895
2/11/2025,14.90995,14.914
2/10/2025,14.92985,14.942
2/7/2025,14.93815,14.734
2/6/2025,14.76305,14.707
2/5/2025,14.704,14.48
2/4/2025,14.49045,14.505
2/3/2025,14.49545,14.822
1/31/2025,14.80365,15
1/30/2025,14.9938,15.117
1/29/2025,15.13225,15.075
1/28/2025,15.0702,15.063
1/27/2025,15.06225,15.164
1/24/2025,15.18675,15.249
1/23/2025,15.2386,14.984
1/22/2025,14.98665,15.056
1/21/2025,15.07455,15.069
1/20/2025,15.0865,15.179
1/17/2025,15.1947,14.947
1/16/2025,14.9579,14.633
1/15/2025,14.64815,14.83
1/14/2025,14.8357,15.132
1/13/2025,15.1181,15.107
1/10/2025,15.0882,14.807
1/9/2025,14.8087,14.784
1/8/2025,14.81545,14.646
1/7/2025,14.6586,14.461
1/6/2025,14.45075,14.658
1/3/2025,14.7572,14.784
1/2/2025,14.8036,15.007
12/30/2024,15.16335,15.049
12/27/2024,15.16525,14.877
12/26/2024,14.89055,14.643
12/23/2024,14.4728,14.167
12/20/2024,14.1589,14.515
12/19/2024,14.5324,14.946
12/18/2024,14.92245,14.295
12/17/2024,14.4665,14.772
12/16/2024,14.77285,14.166
12/13/2024,14.13095,13.609
12/12/2024,13.6427,13.278
12/11/2024,13.37305,13.655
12/10/2024,13.66,14.091
12/9/2024,14.1056,13.937
12/6/2024,13.8941,13.729
12/5/2024,13.7532,13.709
12/4/2024,13.7188,13.766
12/3/2024,13.74885,13.501
12/2/2024,13.5128,13.503
11/29/2024,13.4089,13.609
11/28/2024,13.55015,13.298
11/27/2024,13.12715,12.8
11/26/2024,12.78485,12.836
11/25/2024,12.8252,12.84
11/22/2024,12.8531,12.798
11/21/2024,12.81495,12.862
11/19/2024,12.83255,12.896
11/18/2024,12.8796,12.894
11/14/2024,12.90025,12.825
11/13/2024,12.763,12.815
11/12/2024,12.81295,12.628
11/11/2024,12.5821,12.667
11/8/2024,12.55935,12.619
11/7/2024,12.5425,12.717
11/6/2024,12.70645,12.919
11/5/2024,12.7195,12.831
11/4/2024,12.8259,12.905
11/1/2024,12.9827,12.797
10/31/2024,12.7919,12.73
10/30/2024,12.72005,12.814
10/29/2024,12.787,12.706
10/28/2024,12.7079,12.685
10/25/2024,12.6894,12.556
10/24/2024,12.5529,12.83
10/23/2024,12.83115,12.745
10/22/2024,12.7207,12.779
10/21/2024,12.77145,12.82
10/18/2024,12.7768,12.721
10/17/2024,12.74645,12.689
10/16/2024,12.6845,12.572
10/15/2024,12.5892,12.463
10/14/2024,12.45045,12.517
10/11/2024,12.53325,12.365
10/10/2024,12.3882,12.33
10/9/2024,12.3209,12.16
10/8/2024,12.16785,12.192
10/7/2024,12.17795,12.344
10/4/2024,12.3143,12.327
10/3/2024,12.3208,12.284
10/2/2024,12.2839,12.286
10/1/2024,12.2973,12.414
9/30/2024,12.4309,12.284
9/27/2024,12.29215,12.273
9/26/2024,12.27265,12.238
9/25/2024,12.2458,12.22
9/24/2024,12.27935,12.506
9/23/2024,12.50045,12.604
9/20/2024,12.3748,12.17
9/19/2024,12.14945,12.051
9/18/2024,12.05575,12.068
9/17/2024,12.0635,12.035
9/16/2024,12.04635,11.96
9/13/2024,11.92645,11.997
9/12/2024,12.01365,11.861
9/11/2024,11.86675,11.849
9/10/2024,11.84195,11.832
9/9/2024,11.83335,11.869
9/6/2024,11.85105,11.709
9/5/2024,11.84905,11.937
9/4/2024,11.9918,12.156
9/3/2024,12.1448,12.189
9/2/2024,12.1645,12.208
8/30/2024,12.21835,11.973
8/29/2024,11.92905,11.85
8/28/2024,11.83755,11.731
8/27/2024,11.72435,11.649
8/26/2024,11.6354,11.632
8/23/2024,11.65795,11.747
8/22/2024,11.74255,11.575
8/21/2024,11.5811,11.518
8/20/2024,11.5217,11.422
8/19/2024,11.41415,11.459
8/16/2024,11.46865,11.45
8/15/2024,11.42825,11.445
8/14/2024,11.44585,11.361
8/13/2024,11.37585,11.597
8/12/2024,11.58005,11.55
8/9/2024,11.5371,11.79
8/8/2024,11.78755,11.83
8/7/2024,11.8422,11.814
8/6/2024,11.86175,11.724
8/5/2024,11.71735,11.783
8/2/2024,11.76455,12.016
8/1/2024,11.9949,11.926
7/31/2024,11.88005,12.028
7/30/2024,12.0352,12.109
7/29/2024,12.11055,12.094
7/26/2024,12.09395,12.208
7/25/2024,12.2061,12.177
7/24/2024,12.112,12.122
7/23/2024,12.11255,11.946
7/22/2024,11.9782,12.067
7/19/2024,12.1135,11.964
7/18/2024,12.00575,11.853
7/17/2024,11.8609,11.861
7/16/2024,11.76395,11.779
7/15/2024,11.81035,11.698
7/12/2024,11.68645,11.643
7/11/2024,11.6482,11.686
7/10/2024,11.6543,11.792
7/9/2024,11.8014,11.878
7/8/2024,11.8674,11.913
7/5/2024,11.9297,12.018
7/4/2024,12.0167,12.041
7/3/2024,12.1372,12.295
7/2/2024,12.30925,12.305
7/1/2024,12.3218,12.343
6/28/2024,12.33225,12.168
6/27/2024,12.17215,12.072
6/26/2024,12.06905,11.992
6/25/2024,11.96335,11.892
6/24/2024,11.89405,11.968
6/21/2024,11.95205,12.077
6/20/2024,12.0707,11.851
6/19/2024,11.926,12.048
6/18/2024,12.0278,12.038
6/17/2024,11.98045,11.973
6/14/2024,11.9717,12.152
6/13/2024,12.13985,12.226
6/12/2024,12.2733,12.044
6/11/2024,12.02415,12.027
6/10/2024,12.01185,12.065
6/7/2024,12.0835,11.818
6/6/2024,11.8218,11.867
6/5/2024,11.86695,11.891
6/4/2024,11.88645,11.847
6/3/2024,11.82755,11.872
5/31/2024,11.8877,11.945
5/29/2024,11.8828,11.798
5/28/2024,11.80575,11.71
5/27/2024,11.7256,11.775
5/24/2024,11.7606,11.68
5/23/2024,11.6845,11.815
5/22/2024,11.8268,11.729
5/21/2024,11.70755,11.767
5/20/2024,11.76525,11.748
5/17/2024,11.7182,11.636
5/16/2024,11.6417,11.578
5/15/2024,11.6094,11.719
5/14/2024,11.624,11.737
5/13/2024,11.7466,11.81
5/10/2024,11.8375,11.708
5/9/2024,11.71635,11.572
5/8/2024,11.55395,11.505
5/7/2024,11.49185,11.543
5/6/2024,11.56485,11.478
5/3/2024,11.48015,11.649
5/2/2024,11.64375,11.817
4/30/2024,11.852,11.646
4/29/2024,11.6533,11.666
4/26/2024,11.66915,11.711
4/25/2024,11.72405,11.655
4/24/2024,11.6424,11.537
4/23/2024,11.54725,11.596
4/22/2024,11.5806,11.501
4/19/2024,11.4986,11.597
4/18/2024,11.58715,11.664
4/17/2024,11.68085,11.95
4/16/2024,12.0007,11.773
4/15/2024,11.72705,11.49
4/12/2024,11.4882,11.48
4/11/2024,11.50855,11.442
4/10/2024,11.4435,11.227
4/9/2024,11.2475,11.344
4/8/2024,11.35105,11.367
4/5/2024,11.3606,11.306
4/4/2024,11.31785,11.272
4/3/2024,11.27715,11.255
4/2/2024,11.2427,11.188
4/1/2024,11.1824,11.127
3/28/2024,11.094,11.053
3/27/2024,11.05575,11.027
3/26/2024,11.0208,11.005
3/25/2024,10.9986,11.04
3/22/2024,11.02565,11.014
3/21/2024,11.0272,10.933
3/20/2024,10.90295,11.024
3/19/2024,11.0483,11.093
3/18/2024,11.0903,11.003
3/15/2024,11.0496,10.946
3/14/2024,10.9391,10.825
3/13/2024,10.83115,10.788
3/12/2024,10.78935,10.833
3/11/2024,10.81235,10.902
3/8/2024,10.8689,10.773
3/7/2024,10.7683,10.738
3/6/2024,10.7545,10.784
3/5/2024,10.7603,10.772
3/4/2024,10.76845,10.799
3/1/2024,10.80655,10.802
2/29/2024,10.85495,10.897
2/28/2024,10.9033,10.883
2/27/2024,10.888,10.939
2/26/2024,10.9568,10.896
2/23/2024,10.88875,10.896
2/22/2024,10.90555,10.8
2/21/2024,10.7901,10.776
2/20/2024,10.7882,10.812
2/19/2024,10.8265,10.877
2/16/2024,10.84955,10.876
2/15/2024,10.86645,10.869
2/14/2024,10.8764,10.817
2/9/2024,10.8161,10.775
2/8/2024,10.79325,10.714
2/7/2024,10.67595,10.675
2/6/2024,10.6871,10.7
2/5/2024,10.72195,10.693
2/2/2024,10.6949,10.601
2/1/2024,10.6047,10.632
1/31/2024,10.63065,10.762
1/30/2024,10.76435,10.728
1/29/2024,10.7159,10.664
1/26/2024,10.67885,10.71
1/25/2024,10.71295,10.756
1/24/2024,10.7657,10.758
1/23/2024,10.8104,10.846
1/22/2024,10.8472,10.771
1/19/2024,10.77465,10.838
1/18/2024,10.83085,10.826
1/17/2024,10.7938,10.809
1/16/2024,10.70815,10.576
1/15/2024,10.53125,10.55
1/12/2024,10.5223,10.562
1/11/2024,10.55365,10.603
1/10/2024,10.6042,10.666
1/9/2024,10.66785,10.674
1/8/2024,10.6424,10.598
1/5/2024,10.58575,10.531
1/4/2024,10.54435,10.428
1/3/2024,10.44945,10.416
1/2/2024,10.42865,10.368
12/28/2023,10.36515,10.333
12/27/2023,10.2912,10.332
12/26/2023,10.3267,10.382
12/22/2023,10.3896,10.436
12/21/2023,10.42815,10.463
12/20/2023,10.4793,10.553
12/19/2023,10.54315,10.606
12/18/2023,10.6105,10.63
12/15/2023,10.6658,10.686
12/14/2023,10.6951,10.679
12/13/2023,10.64915,10.907
12/12/2023,10.9103,10.944
12/11/2023,10.99085,10.922
12/8/2023,10.93635,10.905
12/7/2023,10.9089,10.906
12/6/2023,10.8938,10.973
12/5/2023,10.9739,10.981
12/4/2023,10.97545,10.938
12/1/2023,10.8888,10.898
11/30/2023,10.90275,10.915
11/29/2023,10.88265,10.866
11/28/2023,10.94585,10.974
11/27/2023,10.9733,11.138
11/24/2023,11.1152,11.081
11/23/2023,11.12015,11.116
11/22/2023,11.085,11.165
11/21/2023,11.1653,11.075
11/20/2023,11.0758,11.064
11/17/2023,11.0484,11.025
11/16/2023,11.0643,11.125
11/14/2023,11.15945,11.301
11/13/2023,11.3239,11.294
11/10/2023,11.31835,11.397
11/9/2023,11.4367,11.322
11/8/2023,11.34315,11.438
11/7/2023,11.4279,11.574
11/6/2023,11.58065,11.481
11/3/2023,11.45435,11.63
11/1/2023,11.65325,11.829
10/31/2023,11.8676,11.794
10/30/2023,11.8741,11.705
10/27/2023,11.71295,11.494
10/26/2023,11.46715,11.696
10/25/2023,11.75705,11.71
10/24/2023,11.7165,11.864
10/23/2023,11.8739,11.916
10/20/2023,11.93335,11.974
10/19/2023,12.018,11.88
10/18/2023,11.8328,11.861
10/17/2023,11.858,11.694
10/16/2023,11.70645,11.779
10/13/2023,11.82755,11.748
10/11/2023,11.6937,11.599
10/10/2023,11.6695,11.77
10/9/2023,11.76705,11.943
10/6/2023,11.95325,11.994
10/5/2023,12.00345,11.98
10/4/2023,11.9676,12.021
10/3/2023,12.08445,11.911
10/2/2023,11.82805,11.707
9/29/2023,11.65265,11.718
9/28/2023,11.7279,11.863
9/27/2023,11.8816,11.869
9/26/2023,11.85505,11.619
9/25/2023,11.55245,11.456
9/22/2023,11.4346,11.427
9/21/2023,11.45395,11.301
9/20/2023,11.30615,11.32
9/19/2023,11.3672,11.274
9/18/2023,11.2954,11.27
9/15/2023,11.30735,11.212
9/14/2023,11.2014,11.183
9/13/2023,11.1975,11.228
9/12/2023,11.2456,11.285
9/11/2023,11.2898,11.299
9/8/2023,11.29105,11.352
9/6/2023,11.3685,11.25
9/5/2023,11.27695,11.109
9/4/2023,11.1505,11.071
9/1/2023,11.09285,11.127
8/31/2023,11.16685,11.012
8/30/2023,11.03055,10.887
8/29/2023,10.9147,11.039
8/28/2023,11.02965,11.072
8/25/2023,11.09,11.033
8/24/2023,11.06775,11.111
8/23/2023,11.0985,11.225
8/22/2023,11.25455,11.272
8/21/2023,11.3407,11.225
8/18/2023,11.2338,11.214
8/17/2023,11.22535,11.119
8/16/2023,11.13095,11.11
8/15/2023,11.1078,11.078
8/14/2023,11.05005,10.9
8/11/2023,10.91135,10.835
8/10/2023,10.8751,10.834
8/9/2023,10.83725,10.736
8/8/2023,10.7253,10.818
8/7/2023,10.8484,10.81
8/4/2023,10.8003,10.868
8/3/2023,10.86725,10.733
8/2/2023,10.69135,10.792
8/1/2023,10.80775,10.757
7/31/2023,10.8124,10.932
7/28/2023,10.92425,10.942
7/27/2023,10.9325,10.821
7/26/2023,10.84605,10.785
7/25/2023,10.7893,10.769
7/24/2023,10.8205,10.879
7/21/2023,10.9081,10.897
7/20/2023,10.90635,10.849
7/19/2023,10.80815,10.73
7/18/2023,10.7249,10.716
7/17/2023,10.7481,10.777
7/14/2023,10.81135,10.652
7/13/2023,10.68055,10.628
7/12/2023,10.657,10.609
7/11/2023,10.63015,10.682
7/10/2023,10.68965,10.643
7/7/2023,10.65565,10.843
7/6/2023,10.83025,10.791
7/5/2023,10.81685,10.672
7/4/2023,10.66585,10.519
7/3/2023,10.51825,10.555
6/30/2023,10.631,10.844
6/29/2023,10.8607,10.955
6/28/2023,10.9161,10.836
6/27/2023,10.8781,10.889
6/26/2023,10.86725,10.947
6/23/2023,10.9663,11.028
6/22/2023,11.0654,11.033
6/21/2023,11.01705,11.167
6/20/2023,11.2089,11.175
6/19/2023,11.14605,11.158
6/16/2023,11.1797,11.198
6/15/2023,11.21365,11.097
6/14/2023,11.1309,11.416
6/13/2023,11.4536,11.292
6/12/2023,11.27585,11.179
6/9/2023,11.17945,11.206
6/7/2023,11.23225,11.057
6/6/2023,11.1004,11.187
6/5/2023,11.20175,11.35
6/2/2023,11.36415,11.452
6/1/2023,11.5161,11.551
5/31/2023,11.56665,11.581
5/30/2023,11.5908,11.522
5/29/2023,11.58745,11.541
5/26/2023,11.54605,11.645
5/25/2023,11.67455,11.632
5/24/2023,11.64935,11.649
5/23/2023,11.73,11.89
5/22/2023,11.8413,11.83
5/19/2023,11.8521,11.817
5/18/2023,11.8482,11.756
5/17/2023,11.7461,11.775
5/16/2023,11.7737,11.629
5/15/2023,11.60875,11.754
5/12/2023,11.7829,11.977
5/11/2023,11.96845,12.139
5/10/2023,12.14055,12.391
5/9/2023,12.39065,12.264
5/8/2023,12.28165,12.101
5/5/2023,12.109,12.114
5/4/2023,12.12845,12.161
5/3/2023,12.13015,12.281
5/2/2023,12.32565,12.341
4/28/2023,12.34415,12.286
4/27/2023,12.2989,12.277
4/26/2023,12.34225,12.425
4/25/2023,12.3936,12.503
4/24/2023,12.475,12.643
4/20/2023,12.6056,12.653
4/19/2023,12.6729,12.397
4/18/2023,12.4844,12.283
4/17/2023,12.2932,12.314
4/14/2023,12.2888,12.248
4/13/2023,12.27405,12.468
4/12/2023,12.47735,12.489
4/11/2023,12.52105,12.618
4/10/2023,12.6901,12.648
4/6/2023,12.6771,12.563
4/5/2023,12.56815,12.645
4/4/2023,12.66215,12.742
4/3/2023,12.70115,12.791
3/31/2023,12.81785,12.812
3/30/2023,12.8104,12.926
3/29/2023,12.9486,12.89
3/28/2023,12.9139,13.064
3/27/2023,13.0262,13.145
3/24/2023,13.13265,13.063
3/23/2023,13.17175,13.136
3/22/2023,13.048,13.224
3/21/2023,13.21695,13.138
3/20/2023,13.15985,13.159
3/17/2023,13.1864,13.223
3/16/2023,13.2572,13.129
3/15/2023,13.14505,13.214
3/14/2023,13.2296,13.059
3/13/2023,13.06505,13.244
3/10/2023,13.2471,13.187
3/9/2023,13.12535,13.37
3/8/2023,13.3916,13.551
3/7/2023,13.56445,13.604
3/6/2023,13.62305,13.681
3/3/2023,13.67105,13.738
3/2/2023,13.7415,13.501
3/1/2023,13.5011,13.433
2/28/2023,13.45115,13.275
2/27/2023,13.33465,13.488
2/24/2023,13.51285,13.333
2/23/2023,13.3362,13.34
2/22/2023,13.31565,13.197
2/17/2023,13.24665,13.415
2/16/2023,13.3541,13.333
2/15/2023,13.3704,13.383
2/14/2023,13.48005,13.315
2/13/2023,13.43375,13.49
2/10/2023,13.51425,13.651
2/9/2023,13.5791,13.292
2/8/2023,13.25745,13.449
2/7/2023,13.4425,13.16
2/6/2023,13.2741,13.397
2/3/2023,13.35475,13.305
2/2/2023,13.17705,13.247
2/1/2023,13.0967,13.104
1/31/2023,13.12045,13.219
1/30/2023,13.2394,13.216
1/27/2023,13.22895,13.126
1/26/2023,13.1213,13.017
1/25/2023,13.11715,13.028
1/24/2023,13.08335,13.321
1/23/2023,13.2992,13.141
1/20/2023,13.1168,12.792
1/19/2023,12.77705,13.012
1/18/2023,12.66405,12.518
1/17/2023,12.5908,12.616
1/16/2023,12.67475,12.436
1/13/2023,12.41565,12.428
1/12/2023,12.44795,12.406
1/11/2023,12.43965,12.652
1/10/2023,12.67695,12.811
1/9/2023,12.8453,12.948
1/6/2023,12.8748,13.049
1/5/2023,13.10215,13.193
1/4/2023,13.22815,13.126
1/3/2023,13.19845,13.062
1/2/2023,12.91265,12.924
12/29/2022,12.6878,12.677
12/28/2022,12.76275,13.329
12/27/2022,12.9783,13.084
12/26/2022,12.9458,12.937
12/23/2022,12.853,12.921
12/22/2022,12.9833,13.146
12/21/2022,13.1344,13.139
12/20/2022,13.20095,13.405
12/19/2022,13.53495,13.593
12/16/2022,13.53825,13.416
12/15/2022,13.4383,13.585
12/14/2022,13.4971,13.569
12/13/2022,13.4022,13.214
12/12/2022,13.2083,13.099
12/9/2022,13.057,12.88
12/8/2022,13.0106,12.991
12/7/2022,12.8563,12.845
12/6/2022,12.7581,12.767
12/5/2022,12.7978,12.539
12/2/2022,12.52225,12.667
12/1/2022,12.8146,12.791
11/30/2022,12.73955,12.968
11/29/2022,12.97755,13.377
11/28/2022,13.44735,13.552
11/25/2022,13.614,13.492
11/24/2022,13.5297,13.599
11/23/2022,13.79075,13.481
11/22/2022,13.46635,13.337
11/21/2022,13.3375,13.442
11/18/2022,13.47315,13.083
11/17/2022,13.198,13.352
11/16/2022,13.1629,13.162
11/14/2022,12.8981,13.167
11/11/2022,13.3257,13.099
11/10/2022,13.14065,12.651
11/9/2022,12.3382,12.21
11/8/2022,12.21745,12.037
11/7/2022,12.0741,11.938
11/4/2022,11.91155,11.91
11/3/2022,11.90245,11.907
11/1/2022,11.87585,11.864
10/31/2022,11.8736,12.001
10/28/2022,12.00805,12.127
10/27/2022,12.10655,12.215
10/26/2022,12.2157,12.115
10/25/2022,12.1358,12.156
10/24/2022,12.1654,12.046
10/21/2022,11.94285,11.993
10/20/2022,11.98985,11.99
10/19/2022,11.9884,11.857
10/18/2022,11.8612,11.954
10/17/2022,11.9425,11.947
10/14/2022,12.05295,11.994
10/13/2022,12.01365,12.002
10/11/2022,12.00065,11.804
10/10/2022,11.80415,11.828
10/7/2022,11.8326,11.848
10/6/2022,11.8189,11.797
10/5/2022,11.80995,11.8
10/4/2022,11.73955,11.769
10/3/2022,11.76365,11.79
9/30/2022,12.0172,12.202
9/29/2022,12.2004,12.272
9/28/2022,12.25005,12.138
9/27/2022,12.0445,11.903
9/26/2022,12.1489,11.845
9/23/2022,11.8407,11.735
9/22/2022,11.66675,11.703
9/21/2022,11.82665,11.95
9/20/2022,11.97245,12.026
9/19/2022,11.999,12.114
9/16/2022,12.13535,12.188
9/15/2022,12.19405,12.123
9/14/2022,12.07375,12.03
9/13/2022,12.0234,11.784
9/12/2022,11.78075,11.717
9/9/2022,11.74855,11.772
9/8/2022,11.8196,11.927
9/6/2022,11.99365,11.94
9/5/2022,11.8872,11.966
9/2/2022,11.94505,12.066
9/1/2022,12.0724,12.269
8/31/2022,12.2927,12.299
8/30/2022,12.2928,12.326
8/29/2022,12.33885,12.272
8/26/2022,12.24565,12.275
8/25/2022,12.2716,12.215
8/24/2022,12.1856,12.078
8/23/2022,12.06835,12.275
8/22/2022,12.3039,12.26
8/19/2022,12.25495,12.127
8/18/2022,12.1529,12.053
8/17/2022,12.00865,11.87
8/16/2022,11.8962,11.938
8/15/2022,11.87185,12.087
8/12/2022,12.09585,12.278
8/11/2022,12.28595,12.242
8/10/2022,12.25765,12.234
8/9/2022,12.2324,12.053
8/8/2022,12.03415,12.45
8/5/2022,12.44845,12.543
8/4/2022,12.5693,12.895
8/3/2022,12.8975,12.976
8/2/2022,13.0131,12.836
8/1/2022,12.8214,12.964
7/29/2022,12.9866,13.132
7/28/2022,13.1427,13.325
7/27/2022,13.3369,13.49
7/26/2022,13.4904,13.486
7/25/2022,13.4689,13.577
7/22/2022,13.5251,13.72
7/21/2022,13.71,13.631
7/20/2022,13.627,13.728
7/19/2022,13.75035,13.605
7/18/2022,13.6141,13.277
7/15/2022,13.3181,13.356
7/14/2022,13.34755,13.271
7/13/2022,13.2704,13.283
7/12/2022,13.28935,13.399
7/11/2022,13.41825,13.268
7/8/2022,13.2511,13.186
7/7/2022,13.15935,13.217
7/6/2022,13.2523,13.176
7/5/2022,13.14765,13.083
7/4/2022,13.0779,13.053
7/1/2022,13.0221,13.089
6/30/2022,13.0659,13.17
6/29/2022,13.11345,13.226
6/28/2022,13.22985,12.964
6/27/2022,12.9679,12.878
6/24/2022,12.84715,12.667
6/23/2022,12.6687,12.726
6/22/2022,12.72295,12.795
6/21/2022,12.82325,12.738
6/20/2022,12.79405,12.82
6/17/2022,12.8406,12.952
6/15/2022,12.923,13.19
6/14/2022,13.2351,13.019
6/13/2022,12.9852,12.859
6/10/2022,12.83375,12.84
6/9/2022,12.7827,12.863
6/8/2022,12.86035,12.93
6/7/2022,12.9061,12.822
6/6/2022,12.7181,12.61
6/3/2022,12.62605,12.802
6/2/2022,12.78475,12.725
6/1/2022,12.71195,12.57
5/31/2022,12.56035,12.707
5/30/2022,12.6964,12.441
5/27/2022,12.41885,12.424
5/26/2022,12.4586,12.537
5/25/2022,12.5075,12.481
5/24/2022,12.43515,12.312
5/23/2022,12.1955,12.21
5/20/2022,12.26805,12.306
5/19/2022,12.29625,12.408
5/18/2022,12.4595,12.472
5/17/2022,12.455,12.432
5/16/2022,12.426,12.714
5/13/2022,12.6734,12.646
5/12/2022,12.65845,12.627
5/11/2022,12.66225,12.623
5/10/2022,12.57115,12.613
5/9/2022,12.68165,12.697
5/6/2022,12.7064,12.529
5/5/2022,12.51805,12.307
5/4/2022,12.2411,12.421
5/3/2022,12.42185,12.357
5/2/2022,12.3712,12.263
4/29/2022,12.28745,12.209
4/28/2022,12.25425,12.297
4/27/2022,12.29905,12.357
4/26/2022,12.3567,12.25
4/25/2022,12.2469,12.331
4/22/2022,12.36595,12.293
4/20/2022,12.18915,12.165
4/19/2022,12.19265,12.188
4/18/2022,12.1656,12.231
4/14/2022,12.22355,12.06
4/13/2022,12.0851,12.013
4/12/2022,12.023,11.919
4/11/2022,11.95545,11.897
4/8/2022,11.89295,11.533
4/7/2022,11.54215,11.505
4/6/2022,11.48425,11.369
4/5/2022,11.36475,11.165
4/4/2022,11.1938,11.319
4/1/2022,11.3159,11.578
3/31/2022,11.61155,11.737
3/30/2022,11.7323,11.624
3/29/2022,11.61375,11.677
3/28/2022,11.67165,11.721
3/25/2022,11.7385,11.912
3/24/2022,11.9127,12.13
3/23/2022,12.13755,12.138
3/22/2022,12.13415,12.161
3/21/2022,12.19735,12.185
3/18/2022,12.1229,12.332
3/17/2022,12.36145,12.42
3/16/2022,12.3249,12.269
3/15/2022,12.3823,12.587
3/14/2022,12.576,12.366
3/11/2022,12.42045,12.132
3/10/2022,12.16155,12.243
3/9/2022,12.2292,12.11
3/8/2022,12.2277,12.177
3/7/2022,12.2442,11.837
3/4/2022,11.793,11.699
3/3/2022,11.7014,11.645
3/2/2022,11.6245,11.56
2/25/2022,11.5585,11.501
2/24/2022,11.49385,11.421
2/23/2022,11.42215,11.48
2/22/2022,11.47605,11.442
2/21/2022,11.46945,11.577
2/18/2022,11.53655,11.539
2/17/2022,11.53515,11.423
2/16/2022,11.388,11.412
2/15/2022,11.46375,11.566
2/14/2022,11.62135,11.608
2/11/2022,11.56375,11.53
2/10/2022,11.5353,11.484
2/9/2022,11.4794,11.487
2/8/2022,11.59595,11.435
2/7/2022,11.4362,11.565
2/4/2022,11.49395,11.315
2/3/2022,11.17845,11.106
2/2/2022,11.0976,11.141
2/1/2022,11.25305,11.276
1/31/2022,11.30765,11.453
1/28/2022,11.45065,11.424
1/27/2022,11.3566,11.293
1/26/2022,11.49185,11.382
1/25/2022,11.4275,11.497
1/24/2022,11.51175,11.63
1/21/2022,11.53415,11.328
1/20/2022,11.3405,11.434
1/19/2022,11.3883,11.507
1/18/2022,11.5739,11.478
1/17/2022,11.40995,11.257
1/14/2022,11.2552,11.272
1/13/2022,11.286,11.292
1/12/2022,11.3129,11.459
1/11/2022,11.53745,11.487
1/10/2022,11.46655,11.471
1/7/2022,11.4475,11.518
1/6/2022,11.3508,11.451
1/5/2022,11.4574,11.3
1/4/2022,11.26765,11.111
1/3/2022,11.0468,10.86
12/31/2021,10.8384,10.838
12/30/2021,10.75995,10.687
12/29/2021,10.7959,10.771
12/28/2021,10.7258,10.686
12/27/2021,10.76705,10.766
12/23/2021,10.76455,10.644
12/22/2021,10.57285,10.555
12/21/2021,10.5591,10.655
12/20/2021,10.6878,10.875
12/17/2021,10.8262,10.628
12/16/2021,10.66935,10.531
12/15/2021,10.52535,10.512
12/14/2021,10.482,10.474
12/13/2021,10.48195,10.459
12/10/2021,10.49205,10.59
12/9/2021,10.67885,10.79
12/8/2021,10.7936,10.945
12/7/2021,10.9626,11.046
12/6/2021,11.07945,11.044
12/3/2021,11.06355,11.223
12/2/2021,11.27545,11.47
12/1/2021,11.4657,11.303
11/30/2021,11.2945,11.491
11/29/2021,11.5525,11.656
11/26/2021,11.65325,11.73
11/25/2021,11.72585,11.575
11/24/2021,11.6342,11.639
11/23/2021,11.70025,11.864
11/22/2021,11.7858,11.769
11/19/2021,11.72955,11.697
11/18/2021,11.75325,11.736
11/17/2021,11.7443,11.658
11/16/2021,11.63365,11.519
11/11/2021,11.4632,11.407
11/10/2021,11.55115,11.405
11/9/2021,11.5837,11.631
11/8/2021,11.7445,11.878
11/5/2021,11.8104,11.98
11/4/2021,11.9733,11.956
11/3/2021,11.8425,12.027
11/1/2021,12.3483,12.204
10/29/2021,12.2158,12.152
10/28/2021,12.42115,12.041
10/27/2021,11.9012,11.885
10/26/2021,11.99625,12.173
10/25/2021,12.02585,12.03
10/22/2021,12.42785,12.428
10/21/2021,12.0066,12.169
10/20/2021,11.85575,11.567
10/19/2021,11.5235,11.366
10/18/2021,11.1827,11.14
10/15/2021,11.0629,10.946
10/14/2021,10.9299,10.834
10/13/2021,10.89495,10.927
10/11/2021,10.99865,10.943
10/8/2021,10.8764,10.956
10/7/2021,11.0906,10.974
10/6/2021,11.0389,11.08
10/5/2021,11.1416,11.058
10/4/2021,11.0833,10.948
10/1/2021,10.9859,11.137
9/30/2021,11.11085,11.078
9/29/2021,11.07495,11.136
9/28/2021,11.1241,11.128
9/27/2021,11.07875,10.957
9/24/2021,10.9458,10.988
9/23/2021,10.88995,10.631
9/22/2021,10.64825,10.812
9/21/2021,10.82565,10.929
9/20/2021,10.9833,11.215
9/17/2021,11.1351,11.055
9/16/2021,11.06685,11.044
9/15/2021,11.03295,10.917
9/14/2021,10.9366,10.933
9/13/2021,10.95665,11.047
9/10/2021,11.04445,10.955
9/9/2021,10.87285,11.187
9/8/2021,11.10365,10.969
9/6/2021,10.8345,10.863
9/3/2021,10.866,10.749
9/2/2021,10.77,10.657
9/1/2021,10.57685,10.474
8/31/2021,10.504,10.347
8/30/2021,10.31325,10.275
8/27/2021,10.27215,10.395
8/26/2021,10.3733,10.256
8/25/2021,10.3174,10.603
8/24/2021,10.58415,10.823
8/23/2021,10.8262,10.653
8/20/2021,10.61005,10.706
8/19/2021,10.76765,11.056
8/18/2021,11.04665,10.719
8/17/2021,10.72305,10.567
8/16/2021,10.55685,10.393
8/13/2021,10.3835,10.241
8/12/2021,10.2283,10.121
8/11/2021,10.13225,10.002
8/10/2021,10.01205,10.093
8/9/2021,10.0731,9.916
8/6/2021,9.94575,9.902
8/5/2021,9.94345,9.564
8/4/2021,9.59415,9.591
8/3/2021,9.5741,9.578
8/2/2021,9.63745,9.542
7/30/2021,9.5416,9.318
7/29/2021,9.3442,9.312
7/28/2021,9.3156,9.324
7/27/2021,9.3108,9.268
7/26/2021,9.2665,9.295
7/23/2021,9.25475,9.237
7/22/2021,9.19365,9.255
7/21/2021,9.24645,9.185
7/20/2021,9.17245,9.14
7/19/2021,9.182,9.21
7/16/2021,9.2208,9.193
7/15/2021,9.22075,9.26
7/14/2021,9.2193,9.369
7/13/2021,9.4649,9.341
7/12/2021,9.3766,9.344
7/8/2021,9.31415,9.277
7/7/2021,9.29975,9.299
7/6/2021,9.3542,9.303
7/5/2021,9.2483,9.187
7/2/2021,9.1807,9.178
7/1/2021,9.16785,9.093
6/30/2021,9.0924,9.074
6/28/2021,9.12735,9.23
6/25/2021,9.19555,9.114
6/24/2021,9.184,9.204
6/23/2021,9.25695,9.234
6/22/2021,9.3063,9.34
6/21/2021,9.3155,9.367
6/18/2021,9.469,9.246
6/17/2021,9.21545,9.152
6/16/2021,9.1415,9.147
6/15/2021,9.16155,9.227
6/14/2021,9.20045,9.25
6/11/2021,9.27645,9.252
6/10/2021,9.16995,9.021
6/9/2021,9.01875,9.016
6/8/2021,8.96225,8.994
6/7/2021,9.00685,8.89
6/4/2021,8.9245,9.072
6/2/2021,8.99805,9.058
6/1/2021,9.05385,9.056
5/31/2021,9.12935,9.102
5/28/2021,9.12165,9.238
5/27/2021,9.19315,9.348
5/26/2021,9.33685,9.392
5/25/2021,9.39325,9.382
5/24/2021,9.4706,9.489
5/21/2021,9.4367,9.453
5/20/2021,9.4708,9.506
5/19/2021,9.4866,9.477
5/18/2021,9.46685,9.313
5/17/2021,9.35415,9.474
5/14/2021,9.43415,9.39
5/13/2021,9.4144,9.407
5/12/2021,9.40235,9.228
5/11/2021,9.2883,9.267
5/10/2021,9.25265,9.259
5/7/2021,9.21475,9.365
5/6/2021,9.3069,9.247
5/5/2021,9.24625,9.282
5/4/2021,9.3434,9.23
5/3/2021,9.17465,9.122
4/30/2021,9.1242,9.041
4/29/2021,9.02575,9.114
4/28/2021,9.0728,9.098
4/27/2021,9.0925,8.977
4/26/2021,9.0033,9.054
4/23/2021,9.06645,9.094
4/22/2021,9.09635,9.309
4/20/2021,9.32495,9.156
4/19/2021,9.12305,9.262
4/16/2021,9.29555,9.488
4/15/2021,9.47475,9.564
4/14/2021,9.58545,9.603
4/13/2021,9.61485,9.539
4/12/2021,9.5198,9.534
4/9/2021,9.5291,9.49
4/8/2021,9.4085,9.596
4/7/2021,9.4924,9.393
4/6/2021,9.4002,9.302
4/5/2021,9.30155,9.349
4/1/2021,9.42515,9.298
3/31/2021,9.2833,9.27
3/30/2021,9.26075,9.322
3/29/2021,9.38995,9.315
3/26/2021,9.24965,9.256
3/25/2021,9.21155,9.407
3/24/2021,9.20105,9.053
3/23/2021,9.0804,8.908
3/22/2021,8.75995,8.651
3/19/2021,8.62195,8.475
3/18/2021,8.41165,8.451
3/17/2021,8.49745,8.586
3/16/2021,8.5479,8.538
3/15/2021,8.61475,8.57
3/12/2021,8.68245,8.524
3/11/2021,8.48085,8.497
3/10/2021,8.6066,8.508
3/9/2021,8.60035,8.554
3/8/2021,8.622,8.365
3/5/2021,8.22745,8.41
3/4/2021,8.4491,8.565
3/3/2021,8.5766,8.716
3/2/2021,8.73,8.677
3/1/2021,8.6693,8.466
2/26/2021,8.48895,8.514
2/25/2021,8.51565,8.361
2/24/2021,8.3765,8.31
2/23/2021,8.21315,8.186
2/22/2021,8.19495,8.341
2/19/2021,8.01495,7.983
2/18/2021,7.86975,7.927
2/17/2021,7.89075,8.025
2/12/2021,7.8479,7.8
2/11/2021,7.76365,7.741
2/10/2021,7.74495,7.766
2/9/2021,7.7666,7.704
2/8/2021,7.69495,7.64
2/5/2021,7.61845,7.627
2/4/2021,7.64775,7.657
2/3/2021,7.5208,7.447
2/2/2021,7.44925,7.468
2/1/2021,7.53035,7.512
1/29/2021,7.57225,7.65
1/28/2021,7.66035,7.787
1/27/2021,7.7843,7.812
1/26/2021,7.84495,7.797
1/22/2021,7.9657,7.897
1/21/2021,7.82155,7.559
1/20/2021,7.5773,7.518
1/19/2021,7.5301,7.438
1/18/2021,7.4574,7.543
1/15/2021,7.57535,7.463
1/14/2021,7.46245,7.61
1/13/2021,7.65825,7.598
1/12/2021,7.5391,7.677
1/11/2021,7.6043,7.503
1/8/2021,7.47365,7.407
1/7/2021,7.43165,7.156
1/6/2021,7.1245,6.965
1/5/2021,6.9408,6.869
1/4/2021,6.87195,6.849
12/30/2020,6.91035,6.903
12/29/2020,6.9324,7.037
12/28/2020,7.0828,7.112
12/23/2020,7.12325,7.153
12/22/2020,7.15575,7.151
12/21/2020,7.18855,7.235
12/18/2020,7.1993,7.267
12/17/2020,7.24585,7.24
12/16/2020,7.2833,7.201
12/15/2020,7.22495,7.264
12/14/2020,7.3387,7.247
12/11/2020,7.2063,7.331
12/10/2020,7.30265,7.392
12/9/2020,7.457,7.387
12/8/2020,7.41115,7.457
12/7/2020,7.44995,7.399
12/4/2020,7.4149,7.457
12/3/2020,7.4868,7.682
12/2/2020,7.68245,7.752
12/1/2020,7.7366,7.927
11/30/2020,7.9558,7.883
11/27/2020,7.9493,7.95
11/26/2020,8.00075,8.042
11/25/2020,8.02495,8.027
11/24/2020,8.07245,8.124
11/23/2020,8.1866,8.096
11/20/2020,8.131,7.998
11/19/2020,8.011,8.002
11/18/2020,7.98535,7.774
11/17/2020,7.74245,7.755
11/16/2020,7.72225,7.648
11/13/2020,7.74265,7.828
11/12/2020,7.8124,7.698
11/11/2020,7.735,7.623
11/10/2020,7.61,7.416
11/9/2020,7.4242,7.467
11/6/2020,7.54055,7.715
11/5/2020,7.72795,7.768
11/4/2020,7.84295,7.744
11/3/2020,7.93525,7.8
10/30/2020,7.8974,7.836
10/29/2020,7.82165,7.825
10/28/2020,7.8466,7.934
10/27/2020,7.93325,7.864
10/26/2020,7.84455,7.903
10/23/2020,7.8733,7.909
10/22/2020,7.9237,7.795
10/21/2020,7.7358,7.669
10/20/2020,7.66925,7.659
10/19/2020,7.77825,7.911
10/16/2020,7.95,7.951
10/15/2020,7.9558,7.913
10/14/2020,7.76225,7.762
10/13/2020,7.80665,7.921
10/8/2020,8.00745,7.897
10/7/2020,7.9183,7.856
10/6/2020,7.7879,7.472
10/5/2020,7.66665,7.636
10/2/2020,7.8181,7.602
10/1/2020,7.72115,7.752
9/30/2020,7.5874,7.768
9/29/2020,7.8716,7.948
9/25/2020,7.41,7.411
9/10/2020,7.2466,7.247
8/25/2020,7.16785,7.205
8/24/2020,7.20495,7.205
8/21/2020,7.22325,7.229
8/20/2020,7.3283,7.372
8/19/2020,7.28495,7.137
8/18/2020,7.16745,7.235
8/17/2020,7.44575,7.28
8/14/2020,7.2699,7.302
8/13/2020,7.30495,7.003
8/12/2020,7.0583,7.075
8/11/2020,6.9633,6.929
8/10/2020,6.82875,6.787
8/7/2020,6.7543,6.75
8/6/2020,6.67325,6.757
8/5/2020,6.7387,6.602
8/4/2020,6.6584,6.587
7/31/2020,6.5624,6.593
7/30/2020,6.6199,6.806
7/29/2020,6.76975,6.736
7/28/2020,6.7866,6.792
7/27/2020,6.74705,6.798
7/24/2020,6.81705,6.832
7/23/2020,6.9112,6.862
7/22/2020,6.7685,6.669
7/21/2020,6.66075,6.65
7/17/2020,6.6174,6.64
7/16/2020,6.69265,6.672
7/15/2020,6.68265,6.632
7/14/2020,6.69785,6.692
7/10/2020,6.65915,6.637
7/9/2020,6.66575,6.712
7/8/2020,6.7472,6.765
7/7/2020,6.75125,6.681
7/6/2020,6.65765,6.639
7/3/2020,6.6766,6.677
7/2/2020,6.7889,6.853
7/1/2020,6.85075,6.855
6/30/2020,6.95165,6.952
6/24/2020,7.2899,7.203
6/19/2020,7.1666,7.087
6/18/2020,7.16745,7.007
6/17/2020,6.9043,7.069
6/16/2020,7.0741,7.038
6/12/2020,6.8624,6.964
6/10/2020,6.926,6.931
6/9/2020,7.0506,7.044
4/20/2020,7.18655,7.187
3/25/2020,8.6166,8.838
3/24/2020,9.5274,9.537
3/19/2020,8.8916,9.108
3/18/2020,8.6233,8.426
3/17/2020,7.8689,7.869
3/16/2020,8.49225,8.502
3/13/2020,7.78245,8.081
3/12/2020,8.61995,8.922
3/11/2020,8.28535,7.046
3/10/2020,7.0391,6.968
3/9/2020,7.16665,7.297
3/6/2020,6.7466,6.943
3/5/2020,6.7331,6.557
3/4/2020,6.55295,6.605
3/3/2020,6.62745,6.583
3/2/2020,6.5842,6.659
2/28/2020,6.6762,6.834
2/27/2020,6.79745,6.868
2/26/2020,6.793,6.682
2/21/2020,6.6084,6.543
2/20/2020,6.5743,6.489
2/19/2020,6.4878,6.496
2/18/2020,6.4954,6.47
2/17/2020,6.46235,6.446
2/14/2020,6.43245,6.517
2/13/2020,6.522,6.491
2/12/2020,6.49185,6.5
2/11/2020,6.50145,6.55
2/10/2020,6.5325,6.61
2/7/2020,6.6454,6.565
2/6/2020,6.55995,6.483
2/5/2020,6.47705,6.576
2/4/2020,6.60185,6.632
2/3/2020,6.62765,6.664
1/31/2020,6.70955,6.689
1/30/2020,6.69145,6.712
1/29/2020,6.7088,6.644
1/28/2020,6.64395,6.746
1/27/2020,6.74395,6.718
1/24/2020,6.72435,6.734
1/23/2020,6.7439,6.748
1/22/2020,6.7521,6.817
1/21/2020,6.8142,6.824
1/20/2020,6.82645,6.798
1/17/2020,6.7808,6.826
1/16/2020,6.85015,6.786
1/15/2020,6.79405,6.754
1/14/2020,6.797,6.881
1/13/2020,6.87025,6.764
1/10/2020,6.7967,6.759
1/9/2020,6.7565,6.798
1/8/2020,6.8129,6.817
1/7/2020,6.81,6.811
1/6/2020,6.84785,6.78
1/3/2020,6.8256,6.76
1/2/2020,6.7237,6.792
12/30/2019,6.78745,6.874
12/27/2019,6.87555,6.88
12/26/2019,6.88245,6.969
12/24/2019,6.9718,6.979
12/23/2019,6.95665,6.993
12/20/2019,7.049,7.1
12/19/2019,7.0995,6.973
12/18/2019,6.9712,6.981
12/17/2019,6.96325,6.874
12/16/2019,6.87515,6.788
12/13/2019,6.78545,6.755
12/12/2019,6.80075,6.76
12/11/2019,6.7542,6.793
12/10/2019,6.79295,6.794
12/9/2019,6.79375,6.783
12/6/2019,6.77465,6.847
12/5/2019,6.84555,6.797
12/4/2019,6.80335,6.846
12/3/2019,6.85215,6.931
12/2/2019,6.92595,6.923
11/29/2019,6.92395,6.922
11/28/2019,6.9136,6.989
11/27/2019,7.02745,6.982
11/26/2019,6.9841,7.001
11/25/2019,6.9389,6.845
11/22/2019,6.8494,6.885
11/21/2019,6.846,6.806
11/19/2019,6.80465,6.743
11/18/2019,6.7298,6.713
11/14/2019,6.7044,6.712
11/13/2019,6.7331,6.76
11/12/2019,6.7651,6.661
11/11/2019,6.65955,6.674
11/8/2019,6.6884,6.651
11/7/2019,6.6497,6.532
11/6/2019,6.51135,6.426
11/5/2019,6.44125,6.412
11/4/2019,6.4142,6.397
11/1/2019,6.39645,6.462
10/31/2019,6.4905,6.513
10/30/2019,6.4758,6.514
10/29/2019,6.51045,6.495
10/28/2019,6.50325,6.522
10/25/2019,6.5419,6.557
10/24/2019,6.61565,6.557
10/23/2019,6.56225,6.603
10/22/2019,6.6054,6.535
10/21/2019,6.52285,6.562
10/18/2019,6.54995,6.529
10/17/2019,6.56265,6.642
10/16/2019,6.6437,6.739
10/15/2019,6.7501,6.652
10/14/2019,6.65365,6.654
10/11/2019,6.68095,6.82
10/10/2019,6.8374,6.894
10/9/2019,6.9218,6.988
10/8/2019,6.98785,7.027
10/7/2019,7.0287,6.946
10/4/2019,6.98245,6.995
10/3/2019,6.99055,7.047
10/2/2019,7.04745,6.997
10/1/2019,6.99285,7.047
9/30/2019,7.0472,7.042
9/27/2019,7.04055,7.054
9/26/2019,7.05695,7.078
9/25/2019,7.0877,7.187
9/24/2019,7.154,7.099
9/23/2019,7.10985,7.056
9/20/2019,7.0519,7.169
9/19/2019,7.167,7.07
9/18/2019,7.16115,7.184
9/17/2019,7.1834,7.297
9/16/2019,7.2909,7.371
9/13/2019,7.3678,7.286
9/12/2019,7.297,7.317
9/11/2019,7.3184,7.318
9/10/2019,7.3176,7.308
9/9/2019,7.32995,7.309
9/6/2019,7.3126,7.305
9/5/2019,7.30335,7.267
9/4/2019,7.2863,7.296
9/3/2019,7.36125,7.474
9/2/2019,7.46065,7.433
8/30/2019,7.4296,7.522
8/29/2019,7.5329,7.563
8/28/2019,7.5837,7.403
8/27/2019,7.406,7.365
8/26/2019,7.36745,7.247
8/23/2019,7.2495,7.199
8/22/2019,7.23495,7.183
8/21/2019,7.20525,7.274
8/20/2019,7.2937,7.241
8/19/2019,7.2679,7.18
8/16/2019,7.16985,7.243
8/15/2019,7.2374,7.23
8/14/2019,7.2583,7.172
8/13/2019,7.18925,7.177
8/12/2019,7.1886,7.189
8/9/2019,7.1493,7.157
8/8/2019,7.15045,7.172
8/7/2019,7.1787,7.25
8/6/2019,7.272,7.253
8/5/2019,7.36725,7.256
8/2/2019,7.22975,7.271
8/1/2019,7.26615,7.235
7/31/2019,7.2293,7.196
7/30/2019,7.19825,7.219
7/29/2019,7.21635,7.222
7/26/2019,7.2219,7.238
7/25/2019,7.2483,7.164
7/24/2019,7.1814,7.216
7/23/2019,7.21495,7.293
7/22/2019,7.30445,7.305
7/19/2019,7.3142,7.279
7/18/2019,7.27375,7.287
7/17/2019,7.3003,7.297
7/16/2019,7.3209,7.248
7/15/2019,7.2406,7.275
7/12/2019,7.2736,7.166
7/11/2019,7.1914,7.165
7/10/2019,7.21015,7.203
7/8/2019,7.28305,7.327
7/5/2019,7.37675,7.306
7/4/2019,7.2849,7.241
7/3/2019,7.32485,7.349
7/2/2019,7.3285,7.252
7/1/2019,7.28425,7.391
6/28/2019,7.4519,7.54
6/27/2019,7.5762,7.604
6/26/2019,7.6024,7.677
6/25/2019,7.70235,7.68
6/24/2019,7.6622,7.687
6/21/2019,7.6666,7.704
6/19/2019,7.82675,7.962
6/18/2019,7.93865,7.869
6/17/2019,7.9491,7.902
6/14/2019,7.8986,7.876
6/13/2019,7.88655,7.98
6/12/2019,8.00365,7.991
6/11/2019,7.98065,8.157
6/10/2019,8.1594,8.14
6/7/2019,8.1116,8.191
6/6/2019,8.22015,8.278
6/5/2019,8.27605,8.195
6/4/2019,8.19615,8.226
6/3/2019,8.20345,8.474
5/31/2019,8.452,8.461
5/30/2019,8.427,8.515
5/29/2019,8.5186,8.648
5/28/2019,8.64375,8.789
5/27/2019,8.79705,8.875
5/24/2019,8.84995,8.831
5/23/2019,8.8039,8.865
5/22/2019,8.8583,8.824
5/21/2019,8.79315,8.975
5/20/2019,8.9814,9.082
5/17/2019,9.096,8.975
5/16/2019,8.9891,8.86
5/15/2019,8.86695,8.84
5/14/2019,8.79005,8.861
5/13/2019,8.8721,8.761
5/10/2019,8.7718,8.759
5/9/2019,8.79115,8.808
5/8/2019,8.8156,8.845
5/7/2019,8.86245,8.878
5/6/2019,8.8775,8.94
5/3/2019,8.8833,8.959
5/2/2019,8.9608,8.965
4/30/2019,8.9777,8.987
4/29/2019,8.9966,8.957
4/26/2019,8.9599,8.973
4/25/2019,8.9516,9.002
4/24/2019,8.97555,8.863
4/23/2019,8.8518,8.935
4/22/2019,8.97725,8.952
4/18/2019,8.96535,8.978
4/17/2019,9.0037,8.945
4/16/2019,8.9711,8.915
4/15/2019,8.90615,8.962
4/12/2019,8.9714,8.976
4/11/2019,8.90495,8.922
4/10/2019,8.91535,8.98
4/9/2019,8.9673,8.963
4/8/2019,8.9461,8.908
4/5/2019,8.9129,8.904
4/4/2019,8.8838,8.976
4/3/2019,8.9887,8.874
4/2/2019,8.8855,8.858
4/1/2019,8.8287,8.902
3/29/2019,8.96475,8.945
3/28/2019,8.90245,9.317
3/27/2019,9.34225,9.205
3/26/2019,9.05005,8.974
3/25/2019,8.9729,9.176
3/22/2019,9.1291,8.955
3/21/2019,8.76235,8.742
3/20/2019,8.7062,8.838
3/19/2019,8.8073,8.782
3/18/2019,8.7964,8.788
3/15/2019,8.82615,8.844
3/14/2019,8.8354,8.724
3/13/2019,8.73495,8.804
3/12/2019,8.8024,8.931
3/11/2019,8.8784,8.949
3/8/2019,8.99995,9.099
3/7/2019,9.04205,9.089
3/6/2019,9.07845,9.113
3/1/2019,9.04545,9.011
2/28/2019,9.00295,8.977
2/27/2019,8.95195,8.962
2/26/2019,8.9901,8.998
2/25/2019,8.97545,8.901
2/22/2019,8.94745,9.073
2/21/2019,8.98795,8.949
2/20/2019,8.96295,8.862
2/19/2019,8.8737,8.886
2/18/2019,8.9132,8.834
2/15/2019,8.78085,8.886
2/14/2019,8.7895,8.925
2/13/2019,8.94225,8.957
2/12/2019,8.96065,8.992
2/11/2019,9.03555,8.998
2/8/2019,9.03485,8.954
2/7/2019,8.99055,8.935
2/6/2019,8.92165,8.785
2/5/2019,8.80345,8.735
2/4/2019,8.76525,8.692
2/1/2019,8.69495,8.887
1/31/2019,8.8587,9.053
1/30/2019,9.037,9.021
1/29/2019,9.01795,9.097
1/28/2019,9.1087,9.092
1/24/2019,9.0834,8.936
1/23/2019,8.9475,9.07
1/22/2019,9.1055,9.034
1/21/2019,9.0519,9.107
1/18/2019,9.0796,9.177
1/17/2019,9.16475,9.25
1/16/2019,9.23995,9.203
1/15/2019,9.24295,9.146
1/14/2019,9.11595,9.174
1/11/2019,9.1855,9.22
1/10/2019,9.24105,9.152
1/9/2019,9.10795,9.093
1/8/2019,9.14095,9.175
1/7/2019,9.1752,9.078
1/4/2019,9.11745,9.18
1/3/2019,9.1632,9.354
1/2/2019,9.1899,9.259
12/28/2018,9.23485,9.228
12/27/2018,9.2896,9.37
12/26/2018,9.3522,9.312
12/21/2018,9.3784,9.424
12/20/2018,9.42735,9.573
12/19/2018,9.57115,9.672
12/18/2018,9.7207,9.597
12/17/2018,9.64495,9.674
12/14/2018,9.6499,9.861
12/13/2018,9.8081,10.02
12/12/2018,10.01455,10.128
12/11/2018,10.1361,10.183
12/10/2018,10.1708,10.105
12/7/2018,10.0523,10.022
12/6/2018,10.0167,10.123
12/5/2018,10.1179,10.064
12/4/2018,10.0593,9.966
12/3/2018,9.9593,9.771
11/30/2018,9.8937,10.017
11/29/2018,10.0087,10.091
11/28/2018,10.09065,10.105
11/27/2018,10.10045,10.159
11/26/2018,10.15545,9.936
11/23/2018,9.9001,9.994
11/22/2018,9.9902,10.064
11/21/2018,10.05905,10.18
11/20/2018,10.1303,10.115
11/19/2018,10.1178,10.078
11/16/2018,10.11585,10.313
11/14/2018,10.4028,10.543
11/13/2018,10.53705,10.479
11/12/2018,10.47375,10.402
11/9/2018,10.40025,10.398
11/8/2018,10.45485,10.249
11/7/2018,10.24015,10.26
11/6/2018,10.24795,10.131
11/5/2018,10.1255,10.132
11/1/2018,10.10975,10.149
10/31/2018,10.20995,10.129
10/30/2018,10.12,10.367
10/29/2018,10.34825,10.145
10/26/2018,10.2091,10.533
10/25/2018,10.52745,10.44
10/24/2018,10.43495,10.279
10/23/2018,10.277,10.2
10/22/2018,10.2172,10.284
10/19/2018,10.3265,10.457
10/18/2018,10.45225,10.221
10/17/2018,10.21085,10.343
10/16/2018,10.34495,10.578
10/15/2018,10.56575,10.759
10/11/2018,10.82935,10.815
10/10/2018,10.83665,10.738
10/9/2018,10.7263,10.863
10/8/2018,10.8404,11.136
10/5/2018,11.3416,11.219
10/4/2018,11.19665,11.315
10/3/2018,11.3199,11.431
10/2/2018,11.4316,11.586
10/1/2018,11.5953,11.834
9/28/2018,11.7549,11.607
9/27/2018,11.61825,11.76
9/26/2018,11.7139,11.857
9/25/2018,11.84085,11.842
9/24/2018,11.83505,11.784
9/21/2018,11.7779,12.036
9/20/2018,12.05495,12.135
9/19/2018,12.1269,12.266
9/18/2018,12.2786,12.275
9/17/2018,12.2785,12.405
9/14/2018,12.39995,12.493
9/13/2018,12.45695,12.453
9/12/2018,12.4299,12.524
9/11/2018,12.45965,12.33
9/10/2018,12.28145,12.38
9/6/2018,12.1568,12.603
9/5/2018,12.59575,12.54
9/4/2018,12.5274,12.365
9/3/2018,12.3516,12.292
8/31/2018,12.1964,12.367
8/30/2018,12.3618,12.103
8/29/2018,12.1016,12.104
8/28/2018,12.0983,12.017
8/27/2018,12.007,11.983
8/24/2018,12.0844,12.27
8/23/2018,12.2618,12.209
8/22/2018,12.1066,12.379
8/21/2018,12.39865,11.95
8/20/2018,11.9581,11.953
8/17/2018,11.8674,11.739
8/16/2018,11.73535,11.62
8/15/2018,11.6338,11.695
8/14/2018,11.69675,11.833
8/13/2018,11.8274,11.932
8/10/2018,11.8469,11.569
8/9/2018,11.5706,11.421
8/8/2018,11.41305,11.236
8/7/2018,11.23745,11.152
8/6/2018,11.14985,11.14
8/3/2018,11.15875,11.32
8/2/2018,11.3143,11.297
8/1/2018,11.29055,11.192
7/31/2018,11.17665,11.084
7/30/2018,11.06055,11.099
7/27/2018,11.04305,11.068
7/26/2018,11.068,10.926
7/25/2018,10.9314,11.101
7/24/2018,11.0867,11.072
7/23/2018,11.05805,11.033
7/20/2018,11.0384,11.182
7/19/2018,11.17365,11.41
7/18/2018,11.41565,11.436
7/17/2018,11.4136,11.483
7/16/2018,11.47555,11.361
7/13/2018,11.4002,11.471
7/12/2018,11.45295,11.305
7/11/2018,11.30665,11.192
7/10/2018,11.20995,11.322
7/6/2018,11.30235,11.456
7/5/2018,11.4439,11.365
7/4/2018,11.35355,11.475
7/3/2018,11.4329,11.402
7/2/2018,11.4039,11.648
6/29/2018,11.67475,10.969
6/28/2018,11.8526,11.917
6/27/2018,11.9123,11.891
6/26/2018,11.89755,12.003
6/25/2018,11.94075,11.992
6/22/2018,12.10575,12.041
6/21/2018,12.06265,11.842
6/20/2018,11.8316,11.844
6/19/2018,11.83855,12.13
6/18/2018,12.10445,12.082
6/15/2018,12.0925,12.261
6/14/2018,12.3133,11.671
6/13/2018,11.80995,11.725
6/12/2018,11.6858,11.711
6/8/2018,11.6432,11.996
6/7/2018,12.1044,12.199
6/6/2018,12.4017,12.064
6/5/2018,12.07755,11.491
6/4/2018,11.44655,11.369
6/1/2018,11.41585,11.417
5/30/2018,11.45625,11.435
5/29/2018,11.41785,11.164
5/28/2018,11.1667,11.003
5/25/2018,11.04815,10.859
5/24/2018,10.8519,10.689
5/23/2018,10.6874,10.686
5/22/2018,10.711,10.674
5/21/2018,10.5484,10.512
5/18/2018,10.6116,10.271
5/17/2018,10.24945,10.193
5/16/2018,10.1968,10.182
5/15/2018,10.1733,10.126
5/14/2018,10.1229,10.067
5/11/2018,10.06985,10.001
5/10/2018,9.9845,10.209
5/9/2018,10.22055,10.03
5/8/2018,10.0175,9.927
5/7/2018,9.9204,9.871
5/4/2018,9.83575,9.822
5/3/2018,9.83555,9.87
5/2/2018,9.86555,9.897
4/30/2018,9.83495,9.774
4/27/2018,9.784,9.859
4/26/2018,9.84365,9.912
4/25/2018,9.90465,9.915
4/24/2018,9.907,9.923
4/23/2018,9.91075,9.828
4/20/2018,9.76665,9.748
4/19/2018,9.74415,9.729
4/18/2018,9.72805,9.816
4/17/2018,9.8112,9.831
4/16/2018,9.8362,9.886
4/13/2018,9.9006,9.749
4/12/2018,9.80105,9.782
4/11/2018,9.7753,9.86
4/10/2018,9.85055,9.894
4/9/2018,9.87925,9.793
4/6/2018,9.7739,9.749
4/5/2018,9.7443,9.792
4/4/2018,9.7469,9.75
4/3/2018,9.7454,9.65
4/2/2018,9.49445,9.469
3/29/2018,9.4915,9.499
3/28/2018,9.49625,9.498
3/27/2018,9.4949,9.472
3/26/2018,9.46845,9.522
3/23/2018,9.5164,9.444
3/22/2018,9.4486,9.451
3/21/2018,9.4285,9.535
3/20/2018,9.5343,9.489
3/19/2018,9.4821,9.447
3/16/2018,9.4464,9.459
3/15/2018,9.45995,9.485
3/14/2018,9.48555,9.488
3/13/2018,9.4793,9.577
3/12/2018,9.5681,9.568
3/9/2018,9.5801,9.557
3/8/2018,9.5419,9.545
3/7/2018,9.53955,9.492
3/6/2018,9.4854,9.488
3/5/2018,9.46495,9.531
3/2/2018,9.56285,9.589
3/1/2018,9.58005,9.611
2/28/2018,9.6095,9.649
2/27/2018,9.6464,9.592
2/26/2018,9.58265,9.723
2/23/2018,9.7325,9.821
2/22/2018,9.82185,9.871
2/21/2018,9.8714,9.837
2/20/2018,9.84285,9.866
2/19/2018,9.8568,9.847
2/16/2018,9.84855,9.897
2/15/2018,9.8923,9.899
2/14/2018,9.8943,9.943
2/9/2018,9.94,9.863
2/8/2018,9.857,9.765
2/7/2018,9.7599,9.793
2/6/2018,9.7883,9.864
2/5/2018,9.8637,9.782
2/2/2018,9.79655,9.683
2/1/2018,9.67705,9.728
1/31/2018,9.7196,9.786
1/30/2018,9.78085,9.775
1/29/2018,9.76925,9.736
1/26/2018,9.70245,9.631
1/25/2018,9.7352,9.731
1/24/2018,9.7245,10.015
1/23/2018,10.0099,9.913
1/22/2018,9.9062,9.874
1/19/2018,9.8833,9.836
1/18/2018,9.82895,9.904
1/17/2018,9.8998,9.915
1/16/2018,9.9093,9.906
1/15/2018,9.8996,9.844
1/12/2018,9.8393,9.918
1/11/2018,9.91065,9.991
1/10/2018,9.98455,10.027
1/9/2018,10.01585,10.022
1/8/2018,10.0153,10.066
1/5/2018,10.0709,10.028
12/28/2017,10.2564,10.331
12/27/2017,10.3244,10.29
12/26/2017,10.2873,10.372
12/22/2017,10.3735,10.369
12/21/2017,10.36485,10.487
12/20/2017,10.47885,10.575
12/19/2017,10.5698,10.502
12/18/2017,10.4965,10.316
12/15/2017,10.38805,10.354
12/14/2017,10.3481,10.305
12/13/2017,10.29745,10.338
12/12/2017,10.33075,10.265
12/11/2017,10.2598,10.147
12/8/2017,10.1913,10.243
12/7/2017,10.2393,10.139
12/6/2017,10.135,10.263
12/5/2017,10.25535,10.251
12/4/2017,10.2405,10.318
12/1/2017,10.33675,10.371
11/30/2017,10.3642,10.304
11/29/2017,10.29795,10.144
11/28/2017,10.13935,10.169
11/27/2017,10.1634,10.202
11/24/2017,10.17395,10.088
11/23/2017,10.08115,10.096
11/22/2017,10.09035,10.113
11/21/2017,10.107,10.195
11/17/2017,10.1866,10.307
11/16/2017,10.297,10.489
11/14/2017,10.4869,10.28
11/13/2017,10.27405,10.222
11/10/2017,10.1922,10.068
11/9/2017,10.0614,10.032
11/8/2017,10.026,10.084
11/7/2017,10.07775,10.027
11/6/2017,10.01995,10.118
11/3/2017,10.1577,10.026
11/1/2017,10.01295,9.886
10/31/2017,9.87725,9.86
10/30/2017,9.854,9.802
10/27/2017,9.7554,9.875
10/26/2017,9.92415,9.655
10/25/2017,9.6473,9.704
10/24/2017,9.6977,9.705
10/23/2017,9.7026,9.62
10/20/2017,9.6324,9.631
10/19/2017,9.62325,9.717
10/18/2017,9.70965,9.725
10/17/2017,9.7203,9.85
10/16/2017,9.8437,9.803
10/13/2017,9.7764,9.796
10/11/2017,9.7938,9.744
10/10/2017,9.7395,9.797
10/9/2017,9.78935,9.738
10/6/2017,9.72745,9.903
10/5/2017,9.8976,9.775
10/4/2017,9.7725,9.782
10/3/2017,9.7787,9.722
10/2/2017,9.7174,9.757
9/29/2017,9.73375,9.776
9/28/2017,9.77045,9.844
9/27/2017,9.83585,9.741
9/26/2017,9.7327,9.792
9/25/2017,9.7833,9.63
9/22/2017,9.65,9.628
9/21/2017,9.62135,9.702
9/20/2017,9.6937,9.739
9/19/2017,9.7299,9.778
9/18/2017,9.7761,9.792
9/15/2017,9.8063,9.79
9/14/2017,9.7864,9.889
9/13/2017,9.88115,9.87
9/12/2017,9.865,9.798
9/11/2017,9.7946,9.678
9/8/2017,9.712,9.795
9/6/2017,9.7904,9.887
9/5/2017,9.8775,9.998
9/4/2017,9.9941,9.985
9/1/2017,10.00345,9.981
8/31/2017,9.97465,10.085
8/30/2017,10.0783,10.083
8/29/2017,10.0754,10.074
8/28/2017,10.10295,10.083
8/25/2017,10.11415,10.078
8/24/2017,10.0724,10.117
8/23/2017,10.127,10.158
8/22/2017,10.1519,10.198
8/21/2017,10.19815,10.113
8/18/2017,10.1114,10.206
8/17/2017,10.1876,10.078
8/16/2017,10.0847,10.043
8/15/2017,10.0406,10.059
8/14/2017,10.05205,10.147
8/11/2017,10.1182,10.106
8/10/2017,10.098,10.021
8/9/2017,10.0225,9.941
8/8/2017,9.9293,9.875
8/7/2017,9.8878,9.819
8/4/2017,9.83435,9.816
8/3/2017,9.8096,9.893
8/2/2017,9.88355,9.984
8/1/2017,10.0076,9.993
7/31/2017,9.9901,10.017
7/28/2017,10.0115,9.984
7/27/2017,9.99055,10.089
7/26/2017,10.0842,10.114
7/25/2017,10.1024,10.06
7/24/2017,10.0542,10.03
7/21/2017,10.04525,10.058
7/20/2017,10.04565,10.071
7/19/2017,10.0635,10.151
7/18/2017,10.1408,10.206
7/17/2017,10.19715,10.201
7/14/2017,10.2263,10.355
7/13/2017,10.3441,10.312
7/12/2017,10.3043,10.505
7/11/2017,10.4991,10.516
7/10/2017,10.51045,10.577
7/7/2017,10.5903,10.533
7/6/2017,10.52785,10.526
7/5/2017,10.52335,10.551
7/4/2017,10.5421,10.479
7/3/2017,10.4751,10.472
6/30/2017,10.53595,9.787
6/29/2017,10.634,10.63
6/28/2017,10.6215,10.758
6/27/2017,10.7531,10.662
6/26/2017,10.65335,10.694
6/23/2017,10.69735,10.708
6/22/2017,10.69995,10.637
6/21/2017,10.63055,10.548
6/20/2017,10.53805,10.378
6/19/2017,10.37135,10.46
6/16/2017,10.4574,10.647
6/14/2017,10.63495,10.767
6/13/2017,10.7572,10.719
6/12/2017,10.712,10.769
6/9/2017,10.8742,10.877
6/8/2017,10.86555,10.842
6/7/2017,10.83355,10.806
6/6/2017,10.79625,10.919
6/5/2017,10.90375,10.923
6/2/2017,10.83705,10.796
6/1/2017,10.79205,10.716
5/31/2017,10.6986,10.835
5/30/2017,10.82765,10.789
5/29/2017,10.78015,10.905
5/26/2017,10.9076,10.916
5/25/2017,10.90445,10.943
5/24/2017,10.9548,11.363
5/23/2017,11.33515,11.763
5/22/2017,11.75695,11.905
5/19/2017,11.4894,11.766
5/18/2017,11.7732,10.014
5/17/2017,10.01195,9.928
5/16/2017,9.91505,10.053
5/15/2017,10.04985,10.067
5/12/2017,10.0673,10.101
5/11/2017,10.09755,10.159
5/10/2017,10.15855,10.161
5/9/2017,10.15625,10.2
5/8/2017,10.19105,10.249
5/5/2017,10.18565,10.263
5/4/2017,10.25715,10.271
5/3/2017,10.27095,10.215
5/2/2017,10.20785,10.294
4/28/2017,10.3012,10.387
4/27/2017,10.3697,10.333
4/26/2017,10.3296,10.298
4/25/2017,10.2908,10.132
4/24/2017,10.12515,10.093
4/20/2017,10.16265,10.165
4/19/2017,10.1864,10.086
4/18/2017,10.07665,10.106
4/17/2017,10.09585,10.093
4/13/2017,10.1428,10.052
4/12/2017,10.042,10.03
4/11/2017,10.0279,9.952
4/7/2017,10.05175,10.094
4/6/2017,10.08905,10.033
4/5/2017,10.02495,9.924
4/4/2017,9.9128,9.993
4/3/2017,9.9883,10.062
3/31/2017,10.0636,10.098
3/30/2017,10.09285,10.114
3/29/2017,10.10775,10.177
3/28/2017,10.16685,10.08
3/27/2017,10.07695,10.093
3/24/2017,10.09315,10.259
3/23/2017,10.25375,10.273
3/22/2017,10.2679,10.193
3/21/2017,10.1797,10.255
3/20/2017,10.24355,10.232
3/17/2017,10.23425,10.239
3/16/2017,10.23375,10.22
3/15/2017,10.2672,10.372
3/14/2017,10.3608,10.212
3/13/2017,10.20965,10.193
3/10/2017,10.2582,10.446
3/9/2017,10.4408,10.356
3/8/2017,10.376,10.249
3/7/2017,10.2429,10.241
3/6/2017,10.2336,10.217
3/3/2017,10.23545,10.369
3/2/2017,10.36315,10.212
3/1/2017,10.17295,10.239
2/24/2017,10.2359,10.177
2/23/2017,10.173,10.274
2/22/2017,10.2684,10.312
2/21/2017,10.307,10.4
2/20/2017,10.40235,10.381
2/17/2017,10.4105,10.46
2/16/2017,10.45425,10.348
2/15/2017,10.3438,10.36
2/14/2017,10.352,10.35
2/13/2017,10.3435,10.309
2/10/2017,10.33845,10.384
2/9/2017,10.37705,10.4
2/8/2017,10.39355,10.47
2/7/2017,10.4638,10.576
2/6/2017,10.5697,10.572
2/3/2017,10.59545,10.734
2/2/2017,10.72795,10.872
2/1/2017,10.86805,10.922
1/31/2017,10.91935,10.863
1/30/2017,10.8565,10.812
1/27/2017,10.7955,10.951
1/26/2017,10.94605,10.824
1/25/2017,10.8273,10.828
1/24/2017,10.8225,10.855
1/23/2017,10.84625,10.894
1/20/2017,10.9298,10.984
1/19/2017,10.97665,11.072
1/18/2017,11.0634,11.016
1/17/2017,11.00935,11.013
1/16/2017,11.0091,11.036
1/13/2017,11.05935,11.043
1/12/2017,11.0359,11.268
1/11/2017,11.2652,11.207
1/10/2017,11.1982,11.324
1/9/2017,11.3168,11.376
1/6/2017,11.3712,11.408
1/5/2017,11.4016,11.418
1/4/2017,11.4122,11.27
1/3/2017,11.26645,11.241
1/2/2017,11.2388,11.355
12/29/2016,11.40065,11.453
12/28/2016,11.4466,11.439
12/27/2016,11.4453,11.424
12/26/2016,11.42775,11.41
12/23/2016,11.4568,11.486
12/22/2016,11.4769,11.613
12/21/2016,11.6081,11.766
12/20/2016,11.764,11.913
12/19/2016,11.9092,11.991
12/16/2016,11.9728,12.045
12/15/2016,12.0393,12.097
12/14/2016,12.1078,11.992
12/13/2016,11.98415,11.945
12/12/2016,11.94005,12.048
12/9/2016,11.88065,11.774
12/8/2016,11.77025,11.972
12/7/2016,11.96185,12.179
12/6/2016,12.1726,12.067
12/5/2016,12.06305,12.25
12/2/2016,12.3525,12.27
12/1/2016,12.26,11.838
11/30/2016,11.83185,11.903
11/29/2016,11.8969,11.986
11/28/2016,11.98105,12.048
11/25/2016,12.1385,11.896
11/24/2016,11.88595,11.867
11/23/2016,11.8619,11.872
11/22/2016,11.86635,11.945
11/21/2016,11.9342,12.039
11/18/2016,12.11035,12.054
11/17/2016,12.0497,11.919
11/16/2016,11.91585,12.108
11/15/2016,12.28335,12.283
11/14/2016,12.2688,12.264
11/11/2016,12.06005,11.986
11/10/2016,11.9749,11.558
11/9/2016,11.55025,11.28
11/8/2016,11.25795,11.364
11/7/2016,11.35895,11.432
11/4/2016,11.5062,11.626
11/3/2016,11.6019,11.498
11/1/2016,11.50555,11.401
10/31/2016,11.39655,11.369
10/28/2016,11.4102,11.368
10/27/2016,11.3733,11.279
10/26/2016,11.2626,11.138
10/25/2016,11.1186,11.054
10/24/2016,11.04435,11.148
10/21/2016,11.167,11.069
10/20/2016,11.06085,11.179
10/19/2016,11.15135,11.323
10/18/2016,11.3189,11.36
10/17/2016,11.36115,11.421
10/14/2016,11.40395,11.41
10/13/2016,11.4165,11.428
10/11/2016,11.42505,11.356
10/10/2016,11.34525,11.424
10/7/2016,11.4277,11.471
10/6/2016,11.4827,11.466
10/5/2016,11.45035,11.608
10/4/2016,11.60925,11.513
10/3/2016,11.50785,11.552
9/30/2016,11.5837,11.719
9/29/2016,11.71035,11.651
9/28/2016,11.6588,11.753
9/27/2016,11.7422,11.912
9/26/2016,11.8902,11.881
9/23/2016,11.87205,11.869
9/22/2016,11.85805,12.025
9/21/2016,12.02345,12.238
9/20/2016,12.2218,12.245
9/19/2016,12.2397,12.213
9/16/2016,12.2089,12.296
9/15/2016,12.2576,12.463
9/14/2016,12.4599,12.452
9/13/2016,12.46265,12.198
9/12/2016,12.1885,12.275
9/9/2016,12.26225,12.046
9/8/2016,12.0509,11.994
9/6/2016,11.99435,12.038
9/5/2016,12.0368,11.979
9/2/2016,11.9885,12.045
9/1/2016,12.04455,12.085
8/31/2016,12.08065,12.167
8/30/2016,12.1578,12.048
8/29/2016,12.03895,12.172
8/26/2016,12.16205,11.989
8/25/2016,11.98495,12.012
8/24/2016,12.00015,11.963
8/23/2016,11.95395,11.827
8/22/2016,11.8235,11.798
8/19/2016,11.78795,11.881
8/18/2016,11.86825,11.779
8/17/2016,11.77965,11.821
8/16/2016,11.83135,11.811
8/15/2016,11.7967,11.894
8/12/2016,11.878,11.852
8/11/2016,11.83825,11.806
8/10/2016,11.79285,11.755
8/9/2016,11.73195,11.865
8/8/2016,11.86455,11.797
8/5/2016,11.7512,11.85
8/4/2016,11.85885,11.956
8/3/2016,11.95285,11.92
8/2/2016,11.91295,11.799
8/1/2016,11.78375,11.755
7/29/2016,11.80765,11.885
7/28/2016,11.8907,11.928
7/27/2016,11.9263,11.97
7/26/2016,11.9643,11.966
7/25/2016,11.96785,11.953
7/22/2016,11.94305,11.834
7/21/2016,11.8299,11.78
7/20/2016,11.773,11.92
7/19/2016,11.8938,11.9
7/18/2016,11.8978,11.957
7/15/2016,11.9502,11.927
7/14/2016,11.9444,11.982
7/13/2016,11.97355,12.085
7/12/2016,12.08625,11.997
7/11/2016,12.0067,11.988
7/8/2016,12.04585,12.228
7/7/2016,12.25555,12.304
7/6/2016,12.29035,12.212
7/5/2016,12.1452,12.053
7/4/2016,12.05165,12.163
7/1/2016,12.1718,12.078
6/30/2016,12.06455,11.222
6/29/2016,12.119,12.044
6/28/2016,12.03895,12.262
6/27/2016,12.24575,12.383
6/24/2016,12.41705,12.429
6/23/2016,12.42645,12.562
6/22/2016,12.5729,12.605
6/21/2016,12.582,12.698
6/20/2016,12.6915,12.596
6/17/2016,12.7238,12.839
6/16/2016,12.8264,12.812
6/15/2016,12.79785,12.759
6/14/2016,12.7461,12.698
6/13/2016,12.6762,12.64
6/10/2016,12.6546,12.456
6/9/2016,12.4551,12.39
6/8/2016,12.41885,12.502
6/7/2016,12.50825,12.437
6/6/2016,12.44455,12.53
6/3/2016,12.58455,12.802
6/2/2016,12.7854,12.963
6/1/2016,12.96465,12.993
5/31/2016,12.98555,12.872
5/30/2016,12.86515,13.048
5/27/2016,13.0414,12.843
5/25/2016,12.8751,12.782
5/24/2016,12.78265,12.824
5/23/2016,12.8119,12.625
5/20/2016,12.48345,12.682
5/19/2016,12.67525,12.863
5/18/2016,12.85975,12.526
5/17/2016,12.51335,12.364
5/16/2016,12.326,12.306
5/13/2016,12.25235,12.17
5/12/2016,12.1573,12.294
5/11/2016,12.29625,12.424
5/10/2016,12.4302,12.702
5/9/2016,12.68645,12.57
5/6/2016,12.59515,12.57
5/5/2016,12.55425,12.691
5/4/2016,12.68605,12.482
5/3/2016,12.46285,12.429
5/2/2016,12.44335,12.446
4/29/2016,12.46995,12.749
4/28/2016,12.7378,12.588
4/27/2016,12.59315,12.827
4/26/2016,12.8201,12.81
4/25/2016,12.82205,12.871
4/22/2016,12.9649,13.023
4/20/2016,12.96495,12.944
4/19/2016,12.9917,12.904
4/18/2016,12.91805,12.697
4/15/2016,13.01245,13.009
4/14/2016,13.01295,13.164
4/13/2016,13.15725,13.481
4/12/2016,13.47365,13.634
4/11/2016,13.6816,13.71
4/8/2016,13.8264,14.228
4/7/2016,14.23545,14.231
4/6/2016,14.2117,14.138
4/5/2016,14.1273,14.08
4/4/2016,14.091,13.883
4/1/2016,13.7896,13.979
3/31/2016,13.9669,13.77
3/30/2016,13.7828,13.658
3/29/2016,13.66225,13.894
3/28/2016,13.88245,13.976
3/24/2016,14.20175,14.061
3/23/2016,14.06005,13.767
3/22/2016,13.76055,13.978
3/21/2016,13.9673,14.058
3/18/2016,14.06005,14.071
3/17/2016,14.0249,14.678
3/16/2016,14.67965,14.74
3/15/2016,14.791,14.477
3/14/2016,14.44995,14.315
3/11/2016,14.33545,14.517
3/10/2016,14.5269,14.643
3/9/2016,14.6329,14.934
3/8/2016,14.9318,14.997
3/7/2016,15.0791,14.71
3/4/2016,14.78945,15.26
3/3/2016,15.23885,15.624
3/2/2016,15.61205,15.865
3/1/2016,15.85025,16.094
2/29/2016,16.05535,16.067
2/26/2016,16.08215,16.016
2/25/2016,16.0849,15.892
2/24/2016,15.89685,15.831
2/23/2016,15.83345,15.599
2/22/2016,15.6011,15.743
2/19/2016,15.92135,16.057
2/18/2016,16.04895,16.116
2/17/2016,16.1107,16.273
2/16/2016,16.2627,16.22
2/15/2016,16.2252,16.3
2/12/2016,16.29315,16.352
2/11/2016,16.33265,16.247
2/10/2016,16.23975,16.228
2/5/2016,16.21085,16.234
2/4/2016,16.2255,15.973
2/3/2016,15.96575,16.258
2/2/2016,16.237,15.947
2/1/2016,15.93735,16.035
1/29/2016,16.1856,16.506
1/28/2016,16.614,16.602
1/27/2016,16.71075,16.593
1/26/2016,16.5846,16.801
1/22/2016,16.7603,16.769
1/21/2016,16.78765,16.688
1/20/2016,16.6072,16.516
1/19/2016,16.5109,16.261
1/18/2016,16.24985,16.349
1/15/2016,16.33215,16.284
1/14/2016,16.26215,16.178
1/13/2016,16.166,16.182
1/12/2016,16.15725,16.192
1/11/2016,16.18805,16.203
1/8/2016,16.18195,16.111
1/7/2016,16.1446,15.917
1/6/2016,15.919,16.059
1/5/2016,16.04975,16.414
1/4/2016,16.40655,16.504
1/1/2016,16.515,16.51
12/31/2015,16.5116,15.166
12/30/2015,16.5056,16.407
12/29/2015,16.3972,16.352
12/28/2015,16.34395,16.323
12/24/2015,16.26795,16.278
12/23/2015,16.25325,16.383
12/22/2015,16.36775,16.354
12/21/2015,16.3467,16.304
12/18/2015,16.2884,15.959
12/17/2015,15.9848,16.104
12/16/2015,16.08875,15.952
12/15/2015,15.943,15.922
12/14/2015,15.90925,15.875
12/11/2015,15.88805,15.734
12/10/2015,15.7263,15.592
12/9/2015,15.62375,15.666
12/8/2015,15.662,15.704
12/7/2015,15.6936,15.572
12/4/2015,15.5785,15.651
12/3/2015,15.63945,15.634
12/2/2015,15.6229,15.698
12/1/2015,15.68365,15.883
11/30/2015,15.86515,15.916
11/27/2015,15.82115,15.553
11/26/2015,15.54105,15.482
11/25/2015,15.47225,15.222
11/24/2015,15.21595,15.186
11/23/2015,15.17595,15.203
11/20/2015,15.1898,15.196
11/19/2015,15.1846,15.439
11/18/2015,15.42775,15.506
11/17/2015,15.49375,15.473
11/16/2015,15.4614,15.514
11/13/2015,15.5422,15.455
11/12/2015,15.454,15.441
11/11/2015,15.4506,15.582
11/10/2015,15.5771,15.673
11/9/2015,15.6613,15.592
11/6/2015,15.5727,15.54
11/5/2015,15.53215,15.458
11/4/2015,15.44585,15.699
11/3/2015,15.68355,15.899
10/30/2015,15.89035,15.89
10/29/2015,15.8882,15.794
10/28/2015,15.78505,15.697
10/27/2015,15.68045,15.894
10/26/2015,15.8861,15.933
10/23/2015,15.93405,15.829
10/22/2015,15.81695,15.783
10/21/2015,15.75675,15.792
10/20/2015,15.8001,15.831
10/19/2015,15.82485,15.916
10/16/2015,15.7973,15.765
10/15/2015,15.75545,15.969
10/14/2015,15.94975,15.976
10/13/2015,15.98105,15.67
10/9/2015,15.6523,15.387
10/8/2015,15.3703,15.551
10/7/2015,15.56285,15.239
10/6/2015,15.245,15.302
10/5/2015,15.342,15.233
10/2/2015,15.19355,15.547
10/1/2015,15.51255,15.44
9/30/2015,15.4033,16.123
9/29/2015,16.11805,16.354
9/28/2015,16.3458,15.95
9/25/2015,15.87465,15.983
9/24/2015,16.43765,16.848
9/23/2015,16.83935,16.251
9/22/2015,16.2491,15.926
9/21/2015,15.93375,15.868
9/18/2015,15.8524,15.364
9/17/2015,15.35765,15.191
9/16/2015,15.1855,15.147
9/15/2015,15.12765,15.199
9/14/2015,15.1913,15.164
9/11/2015,15.267,15.285
9/10/2015,15.2662,14.946
9/9/2015,14.9193,14.983
9/8/2015,14.97855,15.106
9/4/2015,15.0841,14.75
9/3/2015,14.73925,14.755
9/2/2015,14.7449,14.546
9/1/2015,14.61165,14.27
8/31/2015,14.26635,13.845
8/28/2015,13.85055,13.923
8/27/2015,13.9194,13.971
8/26/2015,13.96745,14.209
8/25/2015,14.21345,14.164
8/24/2015,14.1653,13.941
8/21/2015,13.9989,13.812
8/20/2015,13.81305,13.749
8/19/2015,13.7351,13.651
8/18/2015,13.6507,13.652
8/17/2015,13.63775,13.552
8/14/2015,13.58465,13.503
8/13/2015,13.50065,13.464
8/12/2015,13.48915,13.594
8/11/2015,13.58565,13.703
8/10/2015,13.65425,13.815
8/7/2015,13.84025,13.728
8/6/2015,13.66245,13.338
8/5/2015,13.33845,13.199
8/4/2015,13.18995,13.172
8/3/2015,13.16175,12.962
7/31/2015,12.96775,12.968
7/30/2015,12.93165,13.151
7/29/2015,13.14945,13.074
7/28/2015,13.0679,13.061
7/27/2015,13.0479,13.083
7/24/2015,13.1056,13.178
7/23/2015,13.0919,12.49
7/22/2015,12.4503,12.35
7/21/2015,12.3442,12.469
7/20/2015,12.45895,12.588
7/17/2015,12.60645,12.58
7/16/2015,12.5799,12.537
7/15/2015,12.5224,12.586
7/14/2015,12.58285,12.598
7/13/2015,12.59115,12.599
7/10/2015,12.59465,12.649
7/9/2015,12.68015,12.678
7/8/2015,12.67925,12.59
7/7/2015,12.5886,12.625
7/6/2015,12.62165,12.514
7/3/2015,12.51715,12.517
7/2/2015,12.5082,12.666
7/1/2015,12.66975,12.624
6/30/2015,12.616,11.684
6/29/2015,12.66945,12.708
6/26/2015,12.59535,12.738
6/25/2015,12.69805,12.568
6/24/2015,12.5649,12.51
6/23/2015,12.5044,12.507
6/22/2015,12.49935,12.575
6/19/2015,12.6101,12.555
6/18/2015,12.5533,12.649
6/17/2015,12.6513,12.751
6/16/2015,12.7438,12.78
6/15/2015,12.7787,12.694
6/12/2015,12.61005,12.682
6/11/2015,12.66395,12.665
6/10/2015,12.658,12.442
6/9/2015,12.43905,12.445
6/8/2015,12.4443,12.538
6/5/2015,12.53455,12.433
6/4/2015,12.4457,12.446
6/3/2015,12.4376,12.383
6/2/2015,12.45165,12.276
6/1/2015,12.2676,12.227
5/29/2015,12.2206,12.228
5/28/2015,12.2281,12.41
5/27/2015,12.409,12.358
5/26/2015,12.35905,12.278
5/25/2015,12.2688,12.211
5/22/2015,12.1704,12.364
5/21/2015,12.361,12.425
5/20/2015,12.4154,12.541
5/19/2015,12.5379,12.576
5/18/2015,12.57295,12.443
5/15/2015,12.44635,12.579
5/14/2015,12.57355,12.731
5/13/2015,12.72605,12.788
5/12/2015,12.77875,12.782
5/11/2015,12.7767,12.705
5/8/2015,12.69445,12.892
5/7/2015,12.89205,12.942
5/6/2015,12.9352,12.902
5/5/2015,12.89245,12.897
5/4/2015,12.8909,12.782
5/1/2015,12.78645,12.786
4/30/2015,12.7953,12.663
4/29/2015,12.65805,12.664
4/28/2015,12.65255,12.61
4/27/2015,12.5928,12.64
4/24/2015,12.6414,12.584
4/23/2015,12.5778,12.583
4/22/2015,12.57165,12.611
4/21/2015,12.5857,12.586
4/20/2015,12.5786,12.57
4/17/2015,12.59045,12.571
4/16/2015,12.5668,12.491
4/15/2015,12.4883,12.494
4/14/2015,12.4929,12.63
4/13/2015,12.63875,12.556
4/10/2015,12.57885,12.632
4/9/2015,12.6098,12.542
4/8/2015,12.5249,12.765
4/7/2015,12.75895,12.803
4/6/2015,12.7974,12.731
4/3/2015,12.83795,12.838
4/2/2015,12.8322,12.857
4/1/2015,12.85015,13.053
3/31/2015,13.04055,13.188
3/30/2015,13.1733,13.225
3/27/2015,13.2381,13.168
3/26/2015,13.1615,13.106
3/25/2015,13.0962,13.209
3/24/2015,13.0922,13.102
3/23/2015,13.0984,13.094
3/20/2015,13.1818,13.285
3/19/2015,13.2721,12.974
3/18/2015,12.9832,13.132
3/17/2015,13.09915,13.392
3/16/2015,13.44005,13.398
3/13/2015,13.40405,13.418
3/12/2015,13.44685,13.198
3/11/2015,13.1534,13.17
3/10/2015,13.13335,13.334
3/9/2015,13.3327,12.97
3/6/2015,12.9694,12.824
3/5/2015,12.8138,12.686
3/4/2015,12.6806,12.578
3/3/2015,12.59245,12.539
3/2/2015,12.53455,12.377
2/27/2015,12.28785,12.628
2/26/2015,12.6697,12.687
2/25/2015,12.68345,12.632
2/24/2015,12.6277,12.764
2/23/2015,12.75825,13.01
2/20/2015,12.92625,12.816
2/19/2015,12.8144,12.752
2/18/2015,12.74965,12.643
2/13/2015,12.63925,12.559
2/12/2015,12.5549,12.816
2/11/2015,12.7767,12.654
2/10/2015,12.65355,12.581
2/9/2015,12.58635,12.466
2/6/2015,12.4608,12.308
2/5/2015,12.3286,12.196
2/4/2015,12.19085,12.098
2/3/2015,12.0926,12.164
2/2/2015,12.15675,11.902
1/30/2015,11.9552,11.841
1/29/2015,11.8391,11.818
1/28/2015,11.80215,11.774
1/27/2015,11.76825,11.777
1/26/2015,11.76995,11.725
1/23/2015,11.71695,11.903
1/22/2015,11.89825,11.809
1/21/2015,11.8233,11.881
1/20/2015,11.87705,12.182
1/19/2015,12.17725,12.041
1/16/2015,12.02875,12.145
1/15/2015,12.14705,12.226
1/14/2015,12.21375,12.223
1/13/2015,12.2092,12.303
1/12/2015,12.3059,12.185
1/9/2015,12.16895,12.367
1/8/2015,12.37305,12.343
1/7/2015,12.34115,12.236
1/6/2015,12.2311,12.304
1/5/2015,12.2971,12.307
1/2/2015,12.3213,12.365
12/31/2014,12.364,11.405
12/30/2014,12.34835,12.49
12/29/2014,12.4775,12.414
12/26/2014,12.43395,12.46
12/25/2014,12.44235,12.442
12/24/2014,12.4602,12.459
12/23/2014,12.42995,12.424
12/22/2014,12.4083,12.555
12/19/2014,12.56055,12.664
12/18/2014,12.6501,12.775
12/17/2014,12.789,12.814
12/16/2014,12.80445,12.714
12/15/2014,12.71205,12.572
12/12/2014,12.5906,12.642
12/11/2014,12.6398,12.417
12/10/2014,12.4995,12.258
12/9/2014,12.25235,12.194
12/8/2014,12.19955,12.126
12/5/2014,12.1044,12.12
12/4/2014,12.1076,11.979
12/3/2014,11.92615,11.949
12/2/2014,11.96145,11.932
12/1/2014,11.92555,11.814
11/28/2014,11.82035,11.877
11/27/2014,11.8897,11.974
11/26/2014,11.9355,12.025
11/25/2014,12.0183,12.058
11/24/2014,12.0485,12.198
11/21/2014,12.20375,12.672
11/20/2014,12.65765,12.646
11/19/2014,12.77355,12.949
11/18/2014,12.9426,12.962
11/17/2014,13.0176,13.012
11/14/2014,12.9332,12.912
11/13/2014,12.90435,12.906
11/12/2014,12.8964,12.773
11/11/2014,12.7869,12.64
11/10/2014,12.63665,12.601
11/7/2014,12.61185,12.605
11/6/2014,12.681,12.27
11/5/2014,12.2822,12.349
11/4/2014,12.34755,12.175
11/3/2014,12.1789,12.151
10/31/2014,12.0733,12.195
10/30/2014,12.18465,12.366
10/29/2014,12.36355,12.124
10/28/2014,12.1255,12.497
10/27/2014,12.49215,12.603
10/24/2014,12.0777,12.245
10/23/2014,12.2228,12.076
10/22/2014,12.07745,11.95
10/21/2014,11.9477,11.642
10/20/2014,11.6597,11.451
10/17/2014,11.4556,11.638
10/16/2014,11.6351,11.577
10/15/2014,11.5644,11.274
10/14/2014,11.2696,11.217
10/13/2014,11.2154,11.311
10/10/2014,11.51935,11.504
10/9/2014,11.5115,11.535
10/8/2014,11.53035,11.601
10/7/2014,11.5866,11.791
10/6/2014,11.7811,11.45
10/3/2014,12.08765,12.426
10/2/2014,12.4238,12.506
10/1/2014,12.5022,12.302
9/30/2014,12.3083,12.46
9/29/2014,12.4565,11.852
9/26/2014,11.85765,11.897
9/25/2014,11.888,11.733
9/24/2014,11.733,11.891
9/23/2014,11.9048,11.894
9/22/2014,11.8821,11.698
9/19/2014,11.59675,11.606
9/18/2014,11.60035,11.526
9/17/2014,11.49265,11.446
9/16/2014,11.50415,11.584
9/15/2014,11.61475,11.757
9/12/2014,11.75955,11.351
9/11/2014,11.4283,11.493
9/10/2014,11.4837,11.497
9/9/2014,11.50245,11.358
9/8/2014,11.4023,11.161
9/5/2014,11.15215,11.044
9/4/2014,11.17785,11.108
9/3/2014,11.10485,10.929
9/2/2014,10.92995,11.068
9/1/2014,11.0658,11.157
8/29/2014,11.1978,11.266
8/28/2014,11.25255,11.262
8/27/2014,11.25145,11.529
8/26/2014,11.55965,11.574
8/25/2014,11.56885,11.673
8/22/2014,11.66775,11.866
8/21/2014,11.85025,11.671
8/20/2014,11.6897,11.603
8/19/2014,11.5828,11.595
8/18/2014,11.593,11.685
8/15/2014,11.6916,11.965
8/14/2014,11.94915,12.033
8/13/2014,12.03915,11.93
8/12/2014,11.92965,11.948
8/11/2014,11.95115,12.016
8/8/2014,12.00575,12.085
8/7/2014,12.08415,12.052
8/6/2014,12.0333,12.191
8/5/2014,12.17325,12.025
8/4/2014,12.01805,12.148
8/1/2014,12.1678,12.009
7/31/2014,11.9935,11.925
7/30/2014,11.92015,11.802
7/29/2014,11.78005,11.734
7/28/2014,11.7273,11.686
7/25/2014,11.65155,11.693
7/24/2014,11.6854,11.633
7/23/2014,11.61685,11.512
7/22/2014,11.5203,11.625
7/21/2014,11.62805,11.752
7/18/2014,11.77445,11.967
7/17/2014,11.9582,11.933
7/16/2014,11.93925,12.015
7/15/2014,12.0082,12.048
7/14/2014,12.04245,12.107
7/11/2014,12.12785,12.125
7/10/2014,12.11745,12.026
7/9/2014,11.9905,11.994
7/8/2014,12.01655,11.989
7/7/2014,11.98995,12.016
7/4/2014,12.01415,11.991
7/3/2014,12.01955,12.032
7/2/2014,12.0562,11.98
7/1/2014,11.989,12.176
6/30/2014,12.17795,12.173
6/27/2014,12.14555,11.962
6/26/2014,11.9569,11.953
6/25/2014,11.963,11.975
6/24/2014,11.97,12.038
6/23/2014,12.0331,11.983
6/20/2014,12.01135,11.955
6/19/2014,11.9646,11.965
6/18/2014,11.96245,12.099
6/17/2014,12.1011,12.023
6/16/2014,12.01265,11.881
6/13/2014,11.8479,11.961
6/12/2014,11.9745,11.974
6/11/2014,11.96915,12.056
6/10/2014,12.0605,12.068
6/9/2014,12.0716,12.027
6/6/2014,12.0337,12.271
6/5/2014,12.27075,12.344
6/4/2014,12.32125,12.321
6/3/2014,12.3142,12.21
6/2/2014,12.22435,12.077
5/30/2014,12.0877,12.139
5/29/2014,12.1338,12.349
5/28/2014,12.34195,12.394
5/27/2014,12.41165,12.291
5/26/2014,12.2996,12.283
5/23/2014,12.28935,12.291
5/22/2014,12.2744,12.297
5/21/2014,12.30505,12.363
5/20/2014,12.35255,12.36
5/19/2014,12.35315,12.389
5/16/2014,12.3937,12.415
5/15/2014,12.42455,12.347
5/14/2014,12.3536,12.475
5/13/2014,12.4846,12.481
5/12/2014,12.4783,12.404
5/9/2014,12.37845,12.382
5/8/2014,12.38335,12.318
5/7/2014,12.29885,12.337
5/6/2014,12.36545,12.544
5/5/2014,12.5503,12.497
5/2/2014,12.51285,12.652
5/1/2014,12.64235,12.642
4/30/2014,12.60195,12.638
4/29/2014,12.6369,12.633
4/28/2014,12.63395,12.578
4/25/2014,12.57735,12.602
4/24/2014,12.59505,12.626
4/23/2014,12.61405,12.74
4/22/2014,12.7295,12.756
4/18/2014,12.751,12.751
4/17/2014,12.7544,12.871
4/16/2014,12.8667,12.819
4/15/2014,12.8019,12.81
4/14/2014,12.8009,12.633
4/11/2014,12.672,12.674
4/10/2014,12.66205,12.604
4/9/2014,12.59475,12.573
4/8/2014,12.5689,12.731
4/7/2014,12.72905,12.735
4/4/2014,12.8416,12.918
4/3/2014,12.90825,12.89
4/2/2014,12.8723,12.908
4/1/2014,12.91145,12.906
3/31/2014,12.8987,12.851
3/28/2014,12.83155,12.737
3/27/2014,12.7203,12.952
3/26/2014,12.9379,13.015
3/25/2014,13.0036,13.169
3/24/2014,13.16095,13.219
3/21/2014,13.24655,13.36
3/20/2014,13.35525,13.353
3/19/2014,13.3435,13.202
3/18/2014,13.1939,13.132
3/17/2014,13.13395,13.05
3/14/2014,13.07885,13.037
3/13/2014,13.03215,13.029
3/12/2014,13.001,13.086
3/11/2014,13.0787,13.071
3/10/2014,13.06745,13.047
3/7/2014,13.04575,12.953
3/6/2014,12.93485,12.871
3/5/2014,12.863,12.863
2/28/2014,12.83665,12.647
2/27/2014,12.641,12.784
2/26/2014,12.78745,12.824
2/25/2014,12.81605,12.899
2/24/2014,12.89405,13.005
2/21/2014,12.94635,13.106
2/20/2014,13.09995,13.285
2/19/2014,13.29195,13.224
2/18/2014,13.21515,13.244
2/17/2014,13.236,13.256
2/14/2014,13.25735,13.29
7/2/2013,10.87581,11.018
7/1/2013,11.03998,11.123
6/28/2013,11.12117,9.993
6/27/2013,10.85922,10.951
6/26/2013,10.93703,10.953
6/25/2013,10.97021,11.151
6/24/2013,11.20747,11.767
6/21/2013,11.55789,11.677
6/20/2013,11.53833,11.477
6/19/2013,11.4725,11.125
6/18/2013,11.13458,10.886
6/17/2013,10.94932,10.77
6/14/2013,10.75092,10.541
6/13/2013,10.56774,10.998
6/12/2013,10.99129,10.696
6/11/2013,10.68637,10.663
6/10/2013,10.66313,10.422
6/7/2013,10.38311,10.396
6/6/2013,10.37319,10.322
6/5/2013,10.2619,10.394
6/4/2013,10.40919,10.485
6/3/2013,10.48001,10.563
5/31/2013,10.49656,10.275
5/29/2013,10.25959,10.409
5/28/2013,10.3995,10.182
5/27/2013,10.17737,10.158
5/24/2013,10.14774,10.126
5/23/2013,10.12288,10.07
5/22/2013,10.05897,9.993
5/21/2013,9.990655,9.981
5/20/2013,9.96999,9.842
5/17/2013,9.853995,9.829
5/16/2013,9.824855,9.903
5/15/2013,9.908955,9.933
5/14/2013,9.92174,9.751
5/13/2013,9.767015,9.753
5/10/2013,9.76247,9.606
5/9/2013,9.599325,9.47
5/8/2013,9.466695,9.452
5/7/2013,9.45281,9.45
5/6/2013,9.449415,9.501
5/3/2013,9.4991,9.472
5/2/2013,9.464185,9.608
5/1/2013,9.593345,9.594
4/30/2013,9.60648,9.655
4/29/2013,9.65399,9.647
4/26/2013,9.62818,9.695
4/25/2013,9.68457,9.67
4/24/2013,9.655495,9.587
4/23/2013,9.58829,9.573
4/22/2013,9.577075,9.603
4/19/2013,9.62159,9.666
4/18/2013,9.662585,9.633
4/17/2013,9.643835,9.687
4/16/2013,9.63705,9.638
4/15/2013,9.62633,9.659
4/12/2013,9.67025,9.642
4/11/2013,9.6284,9.591
4/10/2013,9.5911,9.62
4/9/2013,9.60196,9.605
4/8/2013,9.599815,9.612
4/5/2013,9.59082,9.903
4/4/2013,9.89828,10.02
4/3/2013,10.01823,9.972
4/2/2013,9.96196,10.025
4/1/2013,10.01429,10.044
3/29/2013,10.00486,10.005
3/28/2013,9.99312,9.823
3/27/2013,9.818555,9.839
3/26/2013,9.805065,9.804
3/25/2013,9.805955,9.818
3/22/2013,9.836075,9.804
3/21/2013,9.80527,9.686
3/20/2013,9.663915,9.641
3/19/2013,9.64385,9.674
3/18/2013,9.67391,9.615
3/15/2013,9.61226,9.691
3/14/2013,9.68736,9.664
3/13/2013,9.65683,9.598
3/12/2013,9.59342,9.485
3/11/2013,9.48397,9.417
3/8/2013,9.462445,9.356
3/7/2013,9.347,9.261
3/6/2013,9.25076,9.282
3/5/2013,9.272415,9.385
3/4/2013,9.38629,9.417
3/1/2013,9.43117,9.462
2/28/2013,9.47002,9.475
2/27/2013,9.42324,9.41
2/26/2013,9.407785,9.444
2/25/2013,9.439495,9.468
2/22/2013,9.47515,9.515
2/21/2013,9.489045,9.483
2/20/2013,9.493745,9.581
2/19/2013,9.580025,9.553
2/18/2013,9.544875,9.513
2/15/2013,9.503235,9.646
2/14/2013,9.650195,9.668
2/13/2013,9.660015,9.625
2/8/2013,9.678365,9.696
2/7/2013,9.695775,9.653
2/6/2013,9.658975,9.684
2/5/2013,9.67972,9.531
2/4/2013,9.52687,9.488
2/1/2013,9.49166,9.55
1/31/2013,9.54848,9.537
1/30/2013,9.53018,9.455
1/29/2013,9.44855,9.506
1/28/2013,9.500065,9.479
1/25/2013,9.445465,9.47
1/24/2013,9.459875,9.377
1/23/2013,9.37554,9.397
1/22/2013,9.39202,9.325
1/21/2013,9.33048,9.372
1/18/2013,9.391115,9.381
1/17/2013,9.370045,9.221
1/16/2013,9.21897,9.223
1/15/2013,9.220405,9.185
1/14/2013,9.17876,9.179
1/11/2013,9.20852,9.219
1/10/2013,9.221245,9.232
1/9/2013,9.248105,9.304
1/8/2013,9.30129,9.169
1/7/2013,9.16323,9.148
1/4/2013,9.153675,9.152
1/3/2013,9.143315,9.115
1/2/2013,9.130125,9.212
1/1/2013,9.165945,9.166
12/28/2012,9.166445,9.221
12/27/2012,9.225215,9.244
12/26/2012,9.24589,9.299
12/25/2012,9.29704,9.297
12/21/2012,9.29861,9.316
12/20/2012,9.334,9.236
12/19/2012,9.16665,9.187
12/18/2012,9.183055,9.179
12/17/2012,9.17964,9.179
12/14/2012,9.171165,9.154
12/13/2012,9.14045,9.232
12/12/2012,9.22674,9.298
12/11/2012,9.292125,9.196
12/10/2012,9.193125,9.117
12/7/2012,9.116825,9.093
12/6/2012,9.140185,9.292
12/5/2012,9.29278,9.274
12/4/2012,9.287315,9.439
12/3/2012,9.435975,9.396
11/30/2012,9.435585,9.427
11/29/2012,9.421235,9.408
11/28/2012,9.40793,9.385
11/27/2012,9.379685,9.421
11/26/2012,9.415715,9.458
11/23/2012,9.454675,9.523
11/22/2012,9.51466,9.513
11/21/2012,9.509365,9.433
11/20/2012,9.44743,9.448
11/19/2012,9.440805,9.485
11/16/2012,9.476885,9.53
11/15/2012,9.535845,9.536
11/14/2012,9.524505,9.436
11/13/2012,9.45357,9.383
11/12/2012,9.377985,9.367
11/9/2012,9.369485,9.346
11/8/2012,9.33976,9.29
11/7/2012,9.283155,9.254
11/6/2012,9.260625,9.197
11/5/2012,9.196495,9.196
11/2/2012,9.200885,9.201
11/1/2012,9.197855,9.157
10/31/2012,9.15408,9.161
10/30/2012,9.17101,9.162
10/29/2012,9.154995,9.156
10/26/2012,9.16059,9.28
10/25/2012,9.264895,9.307
10/24/2012,9.324115,9.365
10/23/2012,9.362225,9.394
10/22/2012,9.378835,9.454
10/19/2012,9.420585,9.431
10/18/2012,9.446125,9.474
10/17/2012,9.472295,9.433
10/16/2012,9.438595,9.544
10/15/2012,9.53969,9.529
10/12/2012,9.522305,9.522
10/11/2012,9.52708,9.627
10/10/2012,9.63913,9.635
10/9/2012,9.64842,9.672
10/8/2012,9.65729,9.616
10/5/2012,9.656025,9.781
10/4/2012,9.77701,9.786
10/3/2012,9.77165,9.754
10/2/2012,9.75628,9.797
10/1/2012,9.78832,9.78
9/28/2012,9.789055,9.838
9/27/2012,9.840375,9.86
9/26/2012,9.867915,9.886
9/25/2012,9.89459,9.93
9/24/2012,9.934545,9.921
9/21/2012,9.94424,9.908
9/20/2012,9.902805,9.948
9/19/2012,9.936705,9.933
9/18/2012,9.9519,9.938
9/17/2012,9.95051,9.947
9/14/2012,9.945645,9.882
9/13/2012,9.886505,9.78
9/12/2012,9.76368,9.691
9/11/2012,9.7025,9.718
9/10/2012,9.70865,9.643
9/7/2012,9.657355,9.657
9/6/2012,9.659505,9.602
9/5/2012,9.59015,9.596
9/4/2012,9.610325,9.572
9/3/2012,9.56383,9.605
8/31/2012,9.598555,9.653
8/30/2012,9.659995,9.744
8/29/2012,9.752855,9.77
8/28/2012,9.78033,9.774
8/27/2012,9.763335,9.822
8/24/2012,9.847915,9.905
8/23/2012,9.912835,9.978
8/22/2012,9.984605,9.885
8/21/2012,9.966865,9.977
8/20/2012,10.02312,9.848
8/17/2012,9.852765,9.945
8/16/2012,9.92332,9.784
8/15/2012,9.78705,9.817
8/14/2012,9.8223,9.859
8/13/2012,9.852315,9.895
8/10/2012,9.881635,9.736
8/9/2012,9.69826,9.639
8/8/2012,9.6406,9.58
8/7/2012,9.580855,9.61
8/6/2012,9.591845,9.626
8/3/2012,9.539835,9.544
8/2/2012,9.5284,9.531
8/1/2012,9.543655,9.602
7/31/2012,9.628785,9.673
7/30/2012,9.69255,9.692
7/27/2012,9.671895,9.506
7/26/2012,9.50994,9.502
7/25/2012,9.51295,9.604
7/24/2012,9.60833,9.49
7/23/2012,9.513275,9.457
7/20/2012,9.504905,9.614
7/19/2012,9.647045,9.71
7/18/2012,9.731975,9.782
7/17/2012,9.83286,9.713
7/16/2012,9.709615,9.65
7/13/2012,9.71871,9.826
7/12/2012,9.81072,9.786
7/11/2012,9.8177,9.902
7/10/2012,9.91237,9.987
7/6/2012,10.02025,10.122
7/5/2012,10.12249,10.061
7/4/2012,10.04352,9.986
7/3/2012,9.992645,9.986
7/2/2012,10.02617,10.101
6/29/2012,10.13918,9.388
6/28/2012,10.18108,10.113
6/27/2012,10.10291,10.04
6/26/2012,10.05436,10.01
6/25/2012,10.01364,10.063
6/22/2012,10.13275,10.171
6/21/2012,10.13538,10.261
6/20/2012,10.2624,10.227
6/19/2012,10.23868,10.417
6/18/2012,10.45498,10.55
6/15/2012,10.55167,10.458
6/14/2012,10.45644,10.503
6/13/2012,10.51449,10.548
6/12/2012,10.61695,10.668
6/11/2012,10.64072,10.562
6/8/2012,10.555,10.65
6/6/2012,10.84,10.931
6/5/2012,10.90681,11.061
6/4/2012,11.10665,10.708
6/1/2012,10.61679,10.52
5/31/2012,10.51647,10.312
5/30/2012,10.30249,10.32
5/29/2012,10.30241,10.444
5/28/2012,10.43937,10.571
5/25/2012,10.55659,10.644
5/24/2012,10.64146,10.479
5/23/2012,10.47,10.6
5/22/2012,10.623,10.323
5/21/2012,10.29537,10.22
5/18/2012,10.19678,10.264
5/17/2012,10.25479,10.376
5/16/2012,10.38099,10.422
5/15/2012,10.41826,10.473
5/14/2012,10.46076,10.423
5/11/2012,10.44213,10.336
5/10/2012,10.32713,10.531
5/9/2012,10.54111,10.322
5/8/2012,10.32273,10.028
5/7/2012,10.02958,10.163
5/4/2012,10.27166,10.622
5/3/2012,10.61674,10.673
5/2/2012,10.66813,10.779
4/30/2012,10.83331,10.722
4/27/2012,10.7162,10.731
4/26/2012,10.68642,10.676
4/25/2012,10.68499,10.805
4/24/2012,10.81365,10.887
4/23/2012,10.8975,10.925
4/20/2012,10.92501,10.907
4/19/2012,10.90499,10.929
4/18/2012,10.89297,10.919
4/17/2012,10.92246,10.97
4/16/2012,10.96374,10.973
4/13/2012,10.95984,10.96
4/12/2012,10.95881,10.935
4/11/2012,10.9274,10.908
4/10/2012,10.90541,11.047
4/9/2012,11.05249,11.118
4/5/2012,11.24176,11.296
4/4/2012,11.29062,11.32
7/26/2011,12.6071,12.622
7/25/2011,12.6253,12.55
7/22/2011,12.55375,12.583
7/21/2011,12.57905,12.54
7/20/2011,12.53905,12.519
7/19/2011,12.51615,12.542
7/18/2011,12.5295,12.552
7/15/2011,12.53145,12.501
7/14/2011,12.48575,12.464
7/13/2011,12.4489,12.455
7/12/2011,12.44785,12.42
7/11/2011,12.4104,12.42
7/8/2011,12.421,12.422
7/7/2011,12.4125,12.379
7/6/2011,12.3755,12.423
7/5/2011,12.3975,12.376
7/4/2011,12.3686,12.372
7/1/2011,12.3881,12.463
6/30/2011,12.4601,11.436
6/29/2011,12.40995,12.399
6/28/2011,12.38795,12.355
6/27/2011,12.34415,12.36
6/24/2011,12.3693,12.416
6/23/2011,12.40905,12.409
6/22/2011,12.40685,12.42
6/21/2011,12.417,12.343
6/20/2011,12.33605,12.346
6/17/2011,12.33495,12.323
6/16/2011,12.31665,12.283
6/15/2011,12.27685,12.301
6/14/2011,12.29585,12.265
6/13/2011,12.26635,12.254
6/10/2011,12.2637,12.295
6/9/2011,12.2968,12.306
6/8/2011,12.30905,12.405
6/7/2011,12.39205,12.468
6/6/2011,12.4653,12.416
6/3/2011,12.43745,12.442
6/2/2011,12.43295,12.439
6/1/2011,12.4268,12.443
5/31/2011,12.4369,12.465
5/30/2011,12.4548,12.467
5/27/2011,12.47535,12.539
5/26/2011,12.53355,12.567
5/25/2011,12.55465,12.602
5/24/2011,12.596,12.514
5/23/2011,12.5078,12.505
5/20/2011,12.5067,12.476
5/19/2011,12.46865,12.447
5/18/2011,12.4387,12.429
5/17/2011,12.42425,12.485
5/16/2011,12.4703,12.493
5/13/2011,12.5039,12.491
5/12/2011,12.48505,12.478
5/11/2011,12.46875,12.545
5/10/2011,12.534,12.526
5/9/2011,12.5167,12.601
5/6/2011,12.59785,12.653
5/5/2011,12.6428,12.684
5/4/2011,12.68095,12.622
5/3/2011,12.60575,12.595
5/2/2011,12.5922,12.63
4/29/2011,12.61085,12.625
4/28/2011,12.6215,12.705
4/27/2011,12.70365,12.771
4/26/2011,12.7787,12.89
4/25/2011,12.8879,12.75
4/20/2011,12.75045,12.719
4/19/2011,12.7002,12.697
4/18/2011,12.6786,12.667
4/15/2011,12.6731,12.709
4/14/2011,12.70685,12.738
4/13/2011,12.72805,12.793
4/12/2011,12.77805,12.839
4/11/2011,12.829,12.823
4/8/2011,12.8159,12.822
4/7/2011,12.8201,12.816
4/6/2011,12.8077,12.817
4/5/2011,12.8079,12.762
4/4/2011,12.75435,12.817
4/1/2011,12.87285,12.935
3/31/2011,12.92895,12.92
3/30/2011,12.9082,12.922
3/29/2011,12.8799,12.803
3/28/2011,12.795,12.783
3/25/2011,12.7799,12.844
3/24/2011,12.83445,12.776
3/23/2011,12.769,12.816
3/22/2011,12.80475,12.834
3/21/2011,12.8261,12.781
3/18/2011,12.7852,12.801
3/17/2011,12.76135,12.739
3/16/2011,12.71455,12.669
3/15/2011,12.68455,12.57
3/14/2011,12.5618,12.57
3/11/2011,12.5856,12.637
3/10/2011,12.6291,12.661
3/9/2011,12.6981,12.691
3/8/2011,12.6782,12.678
3/7/2011,12.6856,12.686
3/4/2011,12.7117,12.712
3/3/2011,12.6876,12.515
3/2/2011,12.56,12.495
3/1/2011,12.48,12.487
2/28/2011,12.4901,12.485
2/25/2011,12.5099,12.531
2/24/2011,12.5399,12.562
2/23/2011,12.5473,12.526
2/22/2011,12.533,12.59
2/21/2011,12.52,12.523
2/18/2011,12.5047,12.68
2/17/2011,12.5349,12.671
2/16/2011,12.683,12.807
2/15/2011,12.8282,12.905
2/14/2011,12.9034,12.839
2/11/2011,12.8033,12.806
2/10/2011,12.8199,12.686
2/9/2011,12.7332,12.738
2/8/2011,12.7523,12.992
2/7/2011,12.9949,12.995
2/4/2011,12.9901,12.864
2/3/2011,12.8133,12.804
2/2/2011,12.8099,12.937
2/1/2011,12.9232,13.01
1/31/2011,12.8901,12.828
1/28/2011,12.7901,12.796
1/27/2011,12.8,12.787
1/26/2011,12.7251,12.68
1/25/2011,12.6261,12.626
1/24/2011,12.6599,12.618
1/21/2011,12.5879,12.589
1/20/2011,12.5979,12.585
1/19/2011,12.5798,12.614
1/18/2011,12.588,12.673
1/17/2011,12.635,12.583
1/14/2011,12.5601,12.479
1/13/2011,12.5101,12.418
1/12/2011,12.4499,12.409
1/11/2011,12.415,12.326
1/10/2011,12.42,12.318
1/7/2011,12.2701,12.165
1/6/2011,12.1374,12.135
1/5/2011,12.13,12.082
1/4/2011,12.1,12.041
1/3/2011,12.07,12.18
12/31/2010,12.1199,11.248
12/30/2010,12.1849,12.266
12/29/2010,12.265,12.32
12/28/2010,12.3099,12.369
12/27/2010,12.335,12.33
12/24/2010,12.33,12.33
12/23/2010,12.2874,12.286
12/22/2010,12.2899,12.489
12/21/2010,12.4801,12.48
12/20/2010,12.4549,12.498
12/17/2010,12.4599,12.5
12/16/2010,12.545,12.53
12/15/2010,12.4802,12.406
12/14/2010,12.41,12.393
12/13/2010,12.3626,12.343
12/10/2010,12.3499,12.442
12/9/2010,12.49,12.41
12/8/2010,12.3626,12.315
12/7/2010,12.3049,12.327
12/6/2010,12.34,12.36
12/3/2010,12.3349,12.311
12/2/2010,12.3399,12.35
12/1/2010,12.3598,12.454
11/30/2010,12.5099,12.554
11/29/2010,12.5353,12.396
11/26/2010,12.3775,12.368
11/25/2010,12.4026,12.458
11/24/2010,12.4927,12.681
11/23/2010,12.6548,12.778
11/22/2010,12.7402,12.459
11/19/2010,12.4499,12.476
11/18/2010,12.5099,12.448
11/17/2010,12.4226,12.438
11/16/2010,12.3877,12.179
11/15/2010,12.166,12.166
11/12/2010,12.1988,12.199
11/11/2010,12.1696,12.17
11/10/2010,12.1569,12.213
11/9/2010,12.1649,12.195
11/8/2010,12.2301,12.044
11/5/2010,12.0247,11.929
11/4/2010,11.87,11.856
11/3/2010,11.8899,11.908
11/2/2010,11.8456,11.846
11/1/2010,11.9183,11.918
10/29/2010,11.8947,12.175
10/28/2010,12.225,12.228
10/27/2010,12.2,12.104
10/26/2010,12.1798,12.259
10/25/2010,12.2825,12.173
10/22/2010,12.092,12.092
10/21/2010,12.0651,11.926
10/20/2010,11.9621,11.979
10/19/2010,11.9303,11.598
10/18/2010,11.5818,11.495
10/15/2010,11.5098,11.566
10/14/2010,11.5849,11.73
10/13/2010,11.7124,11.815
10/12/2010,11.8167,11.817
10/11/2010,11.8275,11.839
10/8/2010,11.835,11.83
10/7/2010,11.8275,11.875
10/6/2010,11.8749,11.9
10/5/2010,11.9224,11.872
10/4/2010,11.85,11.948
10/1/2010,11.9201,11.905
9/30/2010,11.9346,11.886
9/29/2010,11.8924,11.89
9/28/2010,11.7651,11.765
9/27/2010,11.73,11.646
9/24/2010,11.6799,11.77
9/23/2010,11.7799,11.86
9/22/2010,11.8218,11.83
9/21/2010,11.8695,11.87
9/20/2010,11.8475,11.848
9/17/2010,11.925,11.925
9/16/2010,11.875,11.797
9/15/2010,11.715,11.715
9/14/2010,11.7625,11.763
9/13/2010,11.7174,11.713
9/10/2010,11.655,11.655
9/9/2010,11.6376,11.605
9/8/2010,12.3306,11.621
9/7/2010,11.6037,11.604
9/6/2010,11.6298,11.686
9/3/2010,11.68,11.67
9/2/2010,11.6549,11.635
9/1/2010,11.6351,11.538
8/31/2010,11.5749,11.576
8/30/2010,11.5735,11.574
8/27/2010,11.4916,11.476
8/26/2010,11.3326,11.332
8/25/2010,11.325,11.275
8/24/2010,11.3726,11.373
8/23/2010,11.3722,11.42
8/20/2010,11.4699,11.528
8/19/2010,11.5116,11.563
8/18/2010,11.5898,11.689
8/17/2010,11.67,11.722
8/16/2010,11.7149,11.84
8/13/2010,11.8249,11.852
8/12/2010,11.82,11.82
8/11/2010,11.815,11.84
8/10/2010,11.8819,11.892
8/9/2010,11.9399,12.035
8/6/2010,12.0214,12.021
8/5/2010,12.09,12.056
8/4/2010,12.05,11.997
8/3/2010,11.99,11.974
8/2/2010,11.9799,12.041
7/30/2010,12.0698,12.136
7/29/2010,12.17,12.127
7/28/2010,12.1299,12.092
7/27/2010,12.09,12.09
7/26/2010,12.1099,12.173
7/23/2010,12.145,12.139
7/22/2010,12.1422,12.12
7/21/2010,12.1398,12.293
7/20/2010,12.301,12.301
7/19/2010,12.2799,12.269
7/16/2010,12.2599,12.32
7/15/2010,12.2701,12.274
7/14/2010,12.2345,12.235
7/13/2010,12.281,12.281
7/12/2010,12.2976,12.298
7/9/2010,12.2732,12.273
7/8/2010,12.2607,12.261
7/7/2010,12.2598,12.26
7/6/2010,12.2701,12.231
7/5/2010,12.24,12.24
7/2/2010,12.2298,12.293
7/1/2010,12.3198,12.402
6/30/2010,12.381,11.416
6/29/2010,12.3373,12.332
6/28/2010,12.3299,12.4
6/25/2010,12.4124,12.442
6/24/2010,12.4199,12.5
6/23/2010,12.4724,12.471
6/22/2010,12.4601,12.371
6/21/2010,12.3999,12.454
6/18/2010,12.475,12.481
6/17/2010,12.5326,12.595
6/16/2010,12.63,12.746
6/15/2010,12.691,12.691
6/14/2010,12.6294,12.629
6/11/2010,12.5851,12.535
6/10/2010,12.5376,12.456
6/9/2010,12.4601,12.429
6/8/2010,12.4259,12.426
6/7/2010,12.4174,12.481
6/4/2010,12.5124,12.551
6/3/2010,12.5299,#N/A N/A
6/2/2010,12.5399,3.343
6/1/2010,12.5318,5
5/31/2010,12.5815,#N/A N/A
5/28/2010,12.6318,2.383
5/27/2010,12.6523,#N/A N/A
5/26/2010,12.6388,4.043
5/25/2010,12.6323,#N/A N/A
5/24/2010,12.559,5
5/21/2010,12.6686,9.286
5/20/2010,12.7843,2.413
5/19/2010,12.7824,#N/A N/A
5/18/2010,12.7898,#N/A N/A
5/17/2010,12.7019,#N/A N/A
5/14/2010,12.7123,2.385
5/13/2010,12.6223,#N/A N/A
5/12/2010,12.6238,5
5/11/2010,12.746,15.152
5/10/2010,12.8826,3.455
5/7/2010,13.1947,3.43
5/6/2010,13.1164,#N/A N/A
5/5/2010,12.9502,3.339
5/4/2010,12.7416,21.346
5/3/2010,12.5319,12.23
4/30/2010,12.4889,3.991
4/29/2010,12.4859,#N/A N/A
4/28/2010,12.695,8.655
4/27/2010,12.699,13.534
4/26/2010,12.7387,13.681
4/23/2010,12.7792,14.711
4/22/2010,12.9637,14.451
4/21/2010,12.9399,14.352
4/20/2010,12.9504,8.166
4/19/2010,12.8902,3.403
4/16/2010,12.9334,13.885
4/15/2010,12.9795,#N/A N/A
4/13/2010,12.731,11.884
4/12/2010,12.7099,12.033
4/9/2010,12.7516,11.633
4/8/2010,12.6899,11.372
4/7/2010,12.6532,#N/A N/A
4/6/2010,12.6049,#N/A N/A
4/5/2010,12.6216,11.257
4/2/2010,12.7242,#N/A N/A
4/1/2010,12.7115,#N/A N/A
3/31/2010,12.6982,#N/A N/A
3/30/2010,12.6382,85.5
3/29/2010,12.6782,85.5
3/26/2010,12.7274,85.5
3/25/2010,12.7299,90.533
3/24/2010,12.8549,89.061
3/23/2010,12.8834,83.445
3/22/2010,12.9349,79.854
3/19/2010,12.8874,#N/A N/A
3/15/2010,12.9313,#N/A N/A
3/12/2010,12.9099,68.661
3/11/2010,12.9599,#N/A N/A
3/9/2010,13.004,#N/A N/A
11/15/2007,12.4498,#N/A N/A
11/14/2007,12.4713,#N/A N/A
11/13/2007,12.7067,#N/A N/A
11/12/2007,12.3964,#N/A N/A
11/9/2007,12.3889,#N/A N/A
11/8/2007,12.5685,#N/A N/A
11/7/2007,12.2279,#N/A N/A
11/6/2007,12.0742,#N/A N/A
11/5/2007,12.1379,#N/A N/A
11/1/2007,11.9803,#N/A N/A
10/31/2007,11.8993,#N/A N/A
10/30/2007,11.7898,#N/A N/A
10/29/2007,11.8292,#N/A N/A
10/26/2007,11.8732,#N/A N/A
10/25/2007,11.9433,#N/A N/A
10/24/2007,11.9953,#N/A N/A
10/23/2007,11.8343,#N/A N/A
10/22/2007,11.9366,#N/A N/A
10/19/2007,11.7819,#N/A N/A
10/18/2007,11.5684,#N/A N/A
10/17/2007,11.4954,#N/A N/A
10/16/2007,11.4544,#N/A N/A
10/15/2007,11.4094,#N/A N/A
10/12/2007,11.4597,#N/A N/A
10/11/2007,11.4279,#N/A N/A
10/10/2007,11.429,#N/A N/A
10/9/2007,11.3729,#N/A N/A
10/8/2007,11.4723,#N/A N/A
10/5/2007,11.4532,#N/A N/A
10/4/2007,11.488,#N/A N/A
10/3/2007,11.4282,#N/A N/A
10/2/2007,11.3997,#N/A N/A
10/1/2007,11.3648,#N/A N/A
9/28/2007,11.4873,#N/A N/A
9/27/2007,11.5051,#N/A N/A
9/26/2007,11.5058,#N/A N/A
9/25/2007,11.5256,#N/A N/A
9/24/2007,11.5819,#N/A N/A
9/21/2007,11.5366,#N/A N/A
9/20/2007,11.5741,#N/A N/A
9/19/2007,11.5787,#N/A N/A
9/18/2007,11.6723,#N/A N/A
9/17/2007,11.9787,#N/A N/A
9/14/2007,11.8998,#N/A N/A
9/13/2007,12.0333,#N/A N/A
9/12/2007,12.0326,#N/A N/A
9/11/2007,12.1248,#N/A N/A
9/10/2007,12.1794,#N/A N/A
9/7/2007,12.0781,#N/A N/A
9/6/2007,12.0851,#N/A N/A
9/5/2007,12.1437,#N/A N/A
9/4/2007,11.9221,#N/A N/A
9/3/2007,11.9361,#N/A N/A
8/31/2007,11.9989,#N/A N/A
8/30/2007,12.0623,#N/A N/A
8/29/2007,12.0454,#N/A N/A
8/28/2007,12.2031,#N/A N/A
8/27/2007,12.0431,#N/A N/A
8/24/2007,12.0812,#N/A N/A
8/23/2007,12.2819,#N/A N/A
8/22/2007,12.3412,#N/A N/A
8/21/2007,12.5419,#N/A N/A
8/20/2007,12.3337,#N/A N/A
8/17/2007,12.2254,#N/A N/A
8/16/2007,12.8072,#N/A N/A
8/15/2007,11.8928,#N/A N/A
8/14/2007,11.5643,#N/A N/A
8/13/2007,11.433,#N/A N/A
8/10/2007,11.5073,#N/A N/A
8/9/2007,11.5578,#N/A N/A
8/8/2007,11.289,#N/A N/A
8/7/2007,11.355,#N/A N/A
8/6/2007,11.4595,#N/A N/A
8/3/2007,11.4567,#N/A N/A
8/2/2007,11.2998,#N/A N/A
8/1/2007,11.2874,#N/A N/A
7/31/2007,11.1439,#N/A N/A
7/30/2007,11.0814,#N/A N/A
7/27/2007,11.1319,#N/A N/A
7/26/2007,11.3249,#N/A N/A
7/25/2007,10.9023,#N/A N/A
7/24/2007,10.9131,#N/A N/A
7/23/2007,10.7789,#N/A N/A
7/20/2007,10.7763,#N/A N/A
7/19/2007,10.721,#N/A N/A
7/18/2007,10.5625,#N/A N/A
7/17/2007,10.5475,#N/A N/A
7/16/2007,10.585,#N/A N/A
7/13/2007,10.5099,#N/A N/A
7/12/2007,10.5848,#N/A N/A
7/11/2007,10.6499,#N/A N/A
7/10/2007,10.764,#N/A N/A
7/9/2007,10.7056,#N/A N/A
7/6/2007,10.6922,#N/A N/A
7/5/2007,10.8207,#N/A N/A
7/4/2007,10.8144,#N/A N/A
7/3/2007,10.629,#N/A N/A
7/2/2007,10.6297,#N/A N/A
6/29/2007,10.6798,#N/A N/A
6/28/2007,10.6964,#N/A N/A
6/27/2007,10.6923,#N/A N/A
6/26/2007,10.7613,#N/A N/A
6/25/2007,10.7235,#N/A N/A
6/22/2007,10.5754,#N/A N/A
6/21/2007,10.4097,#N/A N/A
6/20/2007,10.3914,#N/A N/A
6/19/2007,10.2448,#N/A N/A
6/18/2007,10.2548,#N/A N/A
6/15/2007,10.2165,#N/A N/A
6/14/2007,10.366,#N/A N/A
6/13/2007,10.5581,#N/A N/A
6/12/2007,10.3582,#N/A N/A
6/11/2007,10.2897,#N/A N/A
6/8/2007,10.2799,#N/A N/A
6/7/2007,10.2698,#N/A N/A
6/6/2007,10.2749,#N/A N/A
6/5/2007,10.2378,#N/A N/A
6/4/2007,10.139,#N/A N/A
6/1/2007,9.9757,#N/A N/A
5/31/2007,10.0647,#N/A N/A
5/30/2007,10.1799,#N/A N/A
5/29/2007,10.1356,#N/A N/A
5/28/2007,10.0197,#N/A N/A
5/25/2007,10.0431,#N/A N/A
5/24/2007,10.0614,#N/A N/A
5/23/2007,9.8828,#N/A N/A
5/22/2007,9.7784,#N/A N/A
5/21/2007,9.8257,#N/A N/A
5/18/2007,9.9155,#N/A N/A
5/17/2007,9.8658,#N/A N/A
5/16/2007,10.0862,#N/A N/A
5/15/2007,10.2909,#N/A N/A
5/14/2007,10.4536,#N/A N/A
5/11/2007,10.4703,#N/A N/A
5/10/2007,10.5166,#N/A N/A
5/9/2007,10.4466,#N/A N/A
5/8/2007,10.5177,#N/A N/A
5/7/2007,10.5103,#N/A N/A
5/4/2007,10.4803,#N/A N/A
5/3/2007,10.4679,#N/A N/A
5/2/2007,10.5423,#N/A N/A
5/1/2007,10.7274,#N/A N/A
4/30/2007,10.7274,#N/A N/A
4/27/2007,10.8549,#N/A N/A
4/26/2007,10.7404,#N/A N/A
4/25/2007,10.668,#N/A N/A
4/24/2007,10.8018,#N/A N/A
4/23/2007,10.7824,#N/A N/A
4/20/2007,10.848,#N/A N/A
4/19/2007,10.8549,#N/A N/A
4/18/2007,11.0889,#N/A N/A
4/17/2007,11.1359,#N/A N/A
4/16/2007,11.1887,#N/A N/A
4/13/2007,11.3212,#N/A N/A
4/12/2007,11.4812,#N/A N/A
4/11/2007,11.5035,#N/A N/A
4/10/2007,11.4599,#N/A N/A
4/9/2007,11.5289,#N/A N/A
4/6/2007,11.6199,#N/A N/A
4/5/2007,11.6209,#N/A N/A
4/4/2007,11.6399,#N/A N/A
4/3/2007,11.6474,#N/A N/A
4/2/2007,11.6849,#N/A N/A
3/30/2007,11.7516,#N/A N/A
